public_identifier,starts_at_day,starts_at_month,starts_at_year,ends_at_day,ends_at_month,ends_at_year,field_of_study,degree_name,school,school_linkedin_profile_url,description,logo_url,grade,activities_and_societies
,,,,,,,,,,,,,,
"adammgrant","1","1","1999","31","12","2003","Psychology","B.A.","Harvard University","https://www.linkedin.com/company/1646/",,"https://media.licdn.com/dms/image/C4E0BAQF5t62bcL0e9g/company-logo_400_400/0/1631318058235?e=1715817600&v=beta&t=TGqB6_OTAJ-1_YHinAAmPynzh_4oLdnamRD4xFDzAR4",,
"adammgrant","1","1","2003","31","12","2006","Organizational Psychology","Ph.D. and M.S.","University of Michigan","https://www.linkedin.com/company/2516/",,"https://media.licdn.com/dms/image/C4E0BAQFGfERBPGurCg/company-logo_400_400/0/1631307390795?e=1715817600&v=beta&t=PWGFjxd89Ma-iSv4HVOkCpq3he5VHlaD13JsyMo_DrU",,
"adarsh-pathange",,,,,,,"Information Technology and Management","Master of Science - MS","Illinois Institute of Technology","https://www.linkedin.com/company/6328/",,"https://media.licdn.com/dms/image/C4D0BAQEd6wnmQCCIHw/company-logo_400_400/0/1630559679535/illinois_institute_of_technology_logo?e=1717632000&v=beta&t=9_wR1v9lt8WVPSux8a585YLwqzmyIqxwEYp0mHeXRL0",,
"adarsh-pathange","1","8","2014","31","7","2018","Computer Science and Engineering","Bachelor of Technology","REVA University","https://www.linkedin.com/company/9415817/",,"https://media.licdn.com/dms/image/D560BAQHK5zP2639Puw/company-logo_400_400/0/1692179579650/reva_university_logo?e=1717632000&v=beta&t=6MofItZu6gC3Zm9m-7g4K2_SsUKEvsmCGRGSqKUby_M",,
"ajjames","1","1","1990","31","12","1992","Marketing, Communications & Public Relations, Marketing, Communications & Public Relations","Bachelor of Business","University of Technology Sydney","https://www.linkedin.com/company/166678/",,"https://media.licdn.com/dms/image/C560BAQHW5Zk21s3IBA/company-logo_400_400/0/1631330781753?e=1712188800&v=beta&t=95UsjO3RjaMzL0gmipQdgfzaNlusOuoUodvcDwLtT90",,
"ajjames","1","1","1986","31","12","1990","Computer Science & Information Science","Bachelor of Applied Science","University of Technology Sydney","https://www.linkedin.com/company/166678/",,"https://media.licdn.com/dms/image/C560BAQHW5Zk21s3IBA/company-logo_400_400/0/1631330781753?e=1712188800&v=beta&t=95UsjO3RjaMzL0gmipQdgfzaNlusOuoUodvcDwLtT90",,
"ajjames","1","1","1978","31","12","1986","Business/Commerce, General","Higher School Certificate","Newington College","https://www.linkedin.com/company/452716/","Newington is a Boys K-12 Day and Boarding School located in Stanmore in the heart of Sydney’s Inner West. It is one of the six founding members of the GPS, an alliance of independent boys’ schools in New South Wales.

Five key ‘Pillars of Distinction’ set Newington’s priorities and goals into the future: Learning and Teaching for excellence and discovery, Well-being, Character and Service; Spirituality, Values and Ethics; Co-curricular Engagement; and Community in Partnership. ","https://media.licdn.com/dms/image/C4D0BAQHzYRmLDWWYzQ/company-logo_400_400/0/1631329092500?e=1712188800&v=beta&t=vvFeBhrVhQeeSEq1z8SAxuCKLRC1PACc6CHDwycxslY",,
"ajjames","1","1","2000","31","12","2020","Sales, Growth, Innovation, Commercialisation","Marketing","Deep Asia Pacific Market Experience",,,,"World class",
"akshatha-ganji","1","1","2023",,,,"Information Technology","Master of Science - MS","Illinois Institute of Technology","https://www.linkedin.com/company/illinois-tech",,"https://media.licdn.com/dms/image/C4D0BAQEd6wnmQCCIHw/company-logo_400_400/0/1630559679535/illinois_institute_of_technology_logo?e=1717632000&v=beta&t=9_wR1v9lt8WVPSux8a585YLwqzmyIqxwEYp0mHeXRL0","4",
"akshatha-ganji","1","8","2017","30","9","2021","Computer Science","Bachelor of Engineering - BE","DAYANANDA SAGAR ACADEMY OF TECHNOLOGY AND MANAGEMENT, BANGALORE","https://www.linkedin.com/company/15109372/",,"https://media.licdn.com/dms/image/C560BAQEb7Rg760nqJA/company-logo_400_400-alternative/0/1630668205115?e=1717632000&v=beta&t=rOgQtbwRWncKJMSBMfr46GMJ-8qMz_YPFwmKYL6fi0A","8.3",
"alfredo-garrachon","1","8","2023","30","6","2024","Artificial Intelligence","Master of Computer Science Specialised in Artificial Intelligence","Illinois Institute of Technology","https://www.linkedin.com/company/6328/","Skills: Artificial Intelligence · Machine Learning · Deep Learning · Natural Language Processing","https://media.licdn.com/dms/image/C4D0BAQEd6wnmQCCIHw/company-logo_400_400/0/1630559679535/illinois_institute_of_technology_logo?e=1717632000&v=beta&t=9_wR1v9lt8WVPSux8a585YLwqzmyIqxwEYp0mHeXRL0",,
"alfredo-garrachon","1","9","2022","30","6","2024","Telecommunication Engineering","Master of Science in Telecommunication Engineering","Universidad Politécnica de Madrid","https://www.linkedin.com/company/universidad-politecnica-de-madrid","Skills: Python · MongoDB · Docker · Data Science · Machine Learning · Kubernetes","https://media.licdn.com/dms/image/D4D0BAQHJPlcA68PA2Q/company-logo_400_400/0/1686904766811/universidad_politecnica_de_madrid_logo?e=1717632000&v=beta&t=yxg3h7Q1mtAACW6v49m0WBf1yBiU-fef-zBlGJsuUzk",,
"alfredo-garrachon","1","1","2018","31","12","2022","Engineering in Telecommunication Technologies","Bachelor of Engineering in Telecommunication Technologies and Services","Universidad Politécnica de Madrid","https://www.linkedin.com/company/universidad-politecnica-de-madrid","16 Honours.
Percentile promotion: 97,18%","https://media.licdn.com/dms/image/D4D0BAQHJPlcA68PA2Q/company-logo_400_400/0/1686904766811/universidad_politecnica_de_madrid_logo?e=1717632000&v=beta&t=yxg3h7Q1mtAACW6v49m0WBf1yBiU-fef-zBlGJsuUzk","8.6",
"andy-jassy-8b1615","1","9","1995","30","6","1997",,"MBA","Harvard Business School",,,"https://media.licdn.com/dms/image/C4D0BAQF_DkXTlZVo1w/company-logo_400_400/0/1639781479259/harvard_business_school_logo?e=1717027200&v=beta&t=g_DD647YlJpGIlwNYIwIDpgKJMp-n_QxTz7vPhZbMG0",,
"andy-jassy-8b1615","1","9","1986","30","6","1990",,"AB","Harvard University",,,"https://media.licdn.com/dms/image/C4E0BAQF5t62bcL0e9g/company-logo_400_400/0/1631318058235?e=1717027200&v=beta&t=hW-Np1OGmlpAMD45fX7hxs4kc2nK-8dlafxXaqgwiUo",,
"angelwilson36","1","1","2018","31","5","2022","Higher Education/Higher Education Administration","Doctor of Education - EdD","The University of Texas at Austin","https://www.linkedin.com/company/3162/","Cooperative Superintendency Program","https://media.licdn.com/dms/image/C560BAQEREeDg1PACXA/company-logo_400_400/0/1630670868977/theuniversityoftexasataustin__logo?e=1713398400&v=beta&t=ZwJDOV---uLVAWfVxaSZX2ufzJUzGFZwhOC4D3GqkrM",,
"angelwilson36","1","1","2006","31","12","2008","Educational Leadership and Administration, General","Educational Administration","Prairie View A&M University","https://www.linkedin.com/company/23719/",,"https://media.licdn.com/dms/image/D560BAQE71wJLwrLj6Q/company-logo_400_400/0/1692049607026?e=1713398400&v=beta&t=2vmg0s-q-YTJ4PvMrky041FqkcYWbf2e1bRSQiH60cs",,
"angelwilson36","1","1","2002","31","12","2005","Elementary Education and Teaching","Bachelor of Science - BS","Prairie View A&M University","https://www.linkedin.com/company/23719/",,"https://media.licdn.com/dms/image/D560BAQE71wJLwrLj6Q/company-logo_400_400/0/1692049607026?e=1713398400&v=beta&t=2vmg0s-q-YTJ4PvMrky041FqkcYWbf2e1bRSQiH60cs",,
"angelwilson36",,,,,,,,"Bachelor of Science - BS","Prairie View A&M University","https://www.linkedin.com/company/23719/",,"https://media.licdn.com/dms/image/D560BAQE71wJLwrLj6Q/company-logo_400_400/0/1692049607026?e=1713398400&v=beta&t=2vmg0s-q-YTJ4PvMrky041FqkcYWbf2e1bRSQiH60cs",,
"aravind-ellandula-a23163206","1","8","2023","31","5","2025","Information Technology and Management - Data Analytics","Master's degree","Illinois Institute of Technology","https://www.linkedin.com/company/6328/",,"https://media.licdn.com/dms/image/C4D0BAQEd6wnmQCCIHw/company-logo_400_400/0/1630559679535/illinois_institute_of_technology_logo?e=1717632000&v=beta&t=9_wR1v9lt8WVPSux8a585YLwqzmyIqxwEYp0mHeXRL0",,
"aravind-ellandula-a23163206","1","1","2015","31","12","2020","Electrical, Electronics and Communications Engineering","Bachelor of Engineering - BE","MVSR Engineering College","https://www.linkedin.com/company/9165422/",,,,
"arshamg","1","1","2014","31","12","2018","Bioinformatics","Doctor of Philosophy - PhD","The Francis Crick Institute",,"Thesis: Single cell gene regulation in the epidermis

Research carried out jointly at The Francis Crick Institute and King's College London 

Under the supervision of Prof Nicholas Luscombe (The Francis Crick Institute) and Prof Fiona Watt (King's College London)",,,
"arshamg","1","1","2014","31","12","2018","Bioinformatics","Doctor of Philosophy - PhD","King's College London","https://www.linkedin.com/company/7198/",,"https://media.licdn.com/dms/image/C560BAQEsapaVYleavg/company-logo_400_400/0/1630592448557/kings_college_london_logo?e=1717027200&v=beta&t=p8mUfSSKgaaRnfLn1e2xGfXN7aWADHSBlxkoFnV4Qj8",,
"arshamg","1","1","2010","31","12","2014","Biomedical Engineering with Mechanical Engineering","MEng","Imperial College London","https://www.linkedin.com/company/5106/",,"https://media.licdn.com/dms/image/D4E0BAQFIhkSnjV0YNg/company-logo_400_400/0/1688215735026?e=1717027200&v=beta&t=fC8czr6pkg5Ytd9CbodkoRheLWqlSB4rS8s86l1xq80","First class",
"avani-sathe-0026a5203","1","9","2022","30","6","2024","Computer Science","Master of Science - MS","Oregon State University",,,"https://media.licdn.com/dms/image/C4E0BAQEtLpPkfugtXg/company-logo_400_400/0/1631354574889?e=1712793600&v=beta&t=lTKrKJoCU0eWWCbRXceeWwuNY_DALWpuHUdyEmdiCUQ",,
"avani-sathe-0026a5203","1","8","2016","31","5","2020","Computer Engineering","Bachelor's of Technology","MKSSS Cummins College of Engineering for Women",,,"https://media.licdn.com/dms/image/C4E0BAQEPCAoILbTJjQ/company-logo_400_400/0/1630611189727/mksss_cummins_college_of_engineering_for_women_logo?e=1712793600&v=beta&t=xN4IuJQH_kTWJEacifxrjvfbI77i5KByk8GT8hruueQ","A",
"ayutialgur","1","8","2023","31","8","2025","Cybersecurity","Master of Cybersecurity","Illinois Institute of Technology",,,"https://media.licdn.com/dms/image/C4D0BAQEd6wnmQCCIHw/company-logo_400_400/0/1556827665561?e=1706745600&v=beta&t=pGJ7PqqwXQDXw4BxgJwcgf8Tpm0lZJMUJQcBiE6VyyM",,
"ayutialgur","1","1","2016","31","1","2020","Electronics Engineering","Bachelor of Technology - BTech","DKTE'S Textile and Engineering Institute - An Empowered Autonomous Institute",,,"https://media.licdn.com/dms/image/C4D0BAQEhpfrLXKuG_Q/company-logo_400_400/0/1519896453484?e=1706745600&v=beta&t=gbpbI73CIsR_C8mtb7OAH2ft8a_-Elo8FrgKjpdwtuE",,
"barackobama","1","1","1988","31","1","1991","Law","Juris Doctor","Harvard University",,,"https://media.licdn.com/dms/image/C4E0BAQF5t62bcL0e9g/company-logo_400_400/0/1631318058235?e=1716422400&v=beta&t=DcVyCrZGtYJDC9VlUvB1y-rM7s8nXuIbIjHGEayBOFU",,
"barackobama","1","1","1981","31","1","1983","Political Science, concentration in International Relations","Bachelor of Arts","Columbia University",,,"https://media.licdn.com/dms/image/C4E0BAQFxn78nvVaTDA/company-logo_400_400/0/1630638452046/columbia_university_logo?e=1716422400&v=beta&t=aCfhuVo6mACEymmLJ3537HynNgGkyN-a32qs1MBZNlw",,
"barackobama","1","1","1979","31","1","1981","Political Science",,"Occidental College",,,"https://media.licdn.com/dms/image/C560BAQHQSEVHeClnUw/company-logo_400_400/0/1630663549272/occidental_college_logo?e=1716422400&v=beta&t=dfBlijFNJgSJbQ1UG0vCMHuVuJ8fflVuyiVj8SPXK-s",,
"berkgokova","1","10","2020","30","6","2026",,"Materials Science and Nano Engineering","Sabanci University","https://www.linkedin.com/company/17992/","Skills: Polymer Chemistry","https://media.licdn.com/dms/image/C4D0BAQFFoR3H1M6xrg/company-logo_400_400/0/1680177138716/sabanci_university_logo?e=1717632000&v=beta&t=ILrYFRvAW66ruEKWXUvQDPBF5k-MT1oL5MsgVXP9aiA",,
"berkgokova","1","10","2020","30","6","2026",,"Electronics Engineering (Double Major)","Sabanci University","https://www.linkedin.com/company/17992/","Skills: Electronics","https://media.licdn.com/dms/image/C4D0BAQFFoR3H1M6xrg/company-logo_400_400/0/1680177138716/sabanci_university_logo?e=1717632000&v=beta&t=ILrYFRvAW66ruEKWXUvQDPBF5k-MT1oL5MsgVXP9aiA",,
"berkgokova","1","1","2011","31","12","2020",,"Mathematics and Computer Science","BİLSEM Science and Arts Center",,"Took special education in mathematics and computer sciences through 6 years

Worked with BILSEM Robotic Team
Designed and programmed the robots to be used in national competitions.",,,
"berniefloresca",,,,,,,"Electrical Engineering","Master of Science - MSc.","Illinois Institute of Technology","https://www.linkedin.com/company/illinois-tech","[Completed ????? ???????? ????-???? / ???? ??? by AT&T Bell Laboratories].","https://media.licdn.com/dms/image/C4D0BAQEd6wnmQCCIHw/company-logo_400_400/0/1630559679535/illinois_institute_of_technology_logo?e=1717632000&v=beta&t=9_wR1v9lt8WVPSux8a585YLwqzmyIqxwEYp0mHeXRL0",,
"berniefloresca",,,,,,,"Digital Electronics Technician","Diploma","DeVry University","https://www.linkedin.com/company/devry-university","[Night school ????? ???????? ????-????].","https://media.licdn.com/dms/image/C560BAQGRQkegWyBEsg/company-logo_400_400/0/1650982846324/devry_university_logo?e=1717632000&v=beta&t=nrJn9Ng4fvsRT6KpB_31Kpie2LKMJCvShpXEwH8-dLU","?.?/4.0",
"berniefloresca",,,,,,,"Electronics & Communications Engineering","Bachelor of Science - BSc.","Saint Louis University","https://www.linkedin.com/company/13762133/",,"https://media.licdn.com/dms/image/D560BAQFi4pcaue6upA/company-logo_400_400/0/1685342376612?e=1717632000&v=beta&t=s9Pef6hMPtnO79ovMbtV7yJnFrKZ7yAuO09yFo7gsaY",,
"brian-j-porter",,,,"31","1","1980",,,"Dalhousie University",,,"https://media.licdn.com/dms/image/C560BAQHfPPsx3l1srQ/company-logo_400_400/0/1654526060264/dalhousie_university_logo?e=1715817600&v=beta&t=_jfVCbTwWxp7-oZJFwGfQuYF3heR-UbuWFPZg6Nn9CM",,
"calvinnobles","1","1","2011","1","1","2015","Management","MBA","Northcentral University",,,"https://media-exp1.licdn.com/dms/image/C560BAQH7sQhrHlhLjA/company-logo_400_400/0/1656731657444?e=1672876800&v=beta&t=A0UuVhNt1yuI3Dp9zo4U0HxdLbYCzl8G629Y4G-NRSo",,
"calvinnobles","1","1","2009","1","1","2010","Information Security","Graduate Certificate ","Champlain College",,,"https://media-exp1.licdn.com/dms/image/C4E0BAQFvRdxs2ycDlw/company-logo_400_400/0/1625579547188?e=1672876800&v=beta&t=wTxNvKvSyyRDGHE0Hq-vLAeVfi7ymw5dmnwxdGfmDMo",,
"calvinnobles","1","1","2018","31","12","2018","Cybersecurity Executive Education","Certificate","Harvard Business School Executive Education",,,"https://media-exp1.licdn.com/dms/image/C4D0BAQGw3lEi1BX9Ag/company-logo_400_400/0/1640033511276?e=1672876800&v=beta&t=a9OG4-tzUQmsvDW_uO99EwsKIlX8gPg65R_cIuYl5nQ",,
"calvinnobles","1","1","2018","31","12","2018","Cybersecurity: Managing Risk in the Information Age","Certificate","Harvard University",,,"https://media-exp1.licdn.com/dms/image/C4E0BAQF5t62bcL0e9g/company-logo_400_400/0/1519855919126?e=1672876800&v=beta&t=9twXof1JlnNHfFprrDMi-C1Kp55HTT4ahINKHRflUHw",,
"calvinnobles","1","1","2018","31","12","2021","Management Information Systems, General","Doctorate of Business Administration","Fox School of Business at Temple University",,,"https://media-exp1.licdn.com/dms/image/D4E0BAQEIwcSFsUgI0A/company-logo_400_400/0/1664374051747?e=1672876800&v=beta&t=kuFaz4haVLMIkfd6r5r78igxi1ZF2IMdz98Cy2utaKo",,
"calvinnobles",,,,,,,"Human Factors","Doctor of Philosophy - PhD","Capitol Technology University",,,"https://media-exp1.licdn.com/dms/image/C4E0BAQFdwC_He0E2Vw/company-logo_400_400/0/1591824992354?e=1672876800&v=beta&t=MGwsqqt0DzwO9pvr5gIOY2z0Qc5-y1daMKqsXI_PnKs",,
"calvinnobles",,,,,,,"Management and Engineering Technology","PhD","Northcentral University",,,"https://media-exp1.licdn.com/dms/image/C560BAQH7sQhrHlhLjA/company-logo_400_400/0/1656731657444?e=1672876800&v=beta&t=A0UuVhNt1yuI3Dp9zo4U0HxdLbYCzl8G629Y4G-NRSo",,
"calvinnobles",,,,,,,"Information Security","Master of Information Systems Security","University of the Cumberlands",,,"https://media-exp1.licdn.com/dms/image/C4D0BAQEBpk4M7lppdA/company-logo_400_400/0/1547578455089?e=1672876800&v=beta&t=-YFeH_F6DSXhXadcrPtPLDETc1qMHgZlLwpTqbGRKC8",,
"ch-divyesh-b17a9a171","1","8","2023","30","6","2025","Information Technology and Management","Master's degree","Illinois Institute of Technology","https://www.linkedin.com/company/6328/","Skills: Database Management System (DBMS) · Database Security · Data Analytics","https://media.licdn.com/dms/image/C4D0BAQEd6wnmQCCIHw/company-logo_400_400/0/1630559679535/illinois_institute_of_technology_logo?e=1717632000&v=beta&t=9_wR1v9lt8WVPSux8a585YLwqzmyIqxwEYp0mHeXRL0",,
"ch-divyesh-b17a9a171","1","6","2017","30","6","2021","Electrical, Electronics and Communications Engineering","Bachelor of Technology - BTech","SRM University","https://www.linkedin.com/company/879960/",,"https://media.licdn.com/dms/image/C510BAQHO4Qj_rvGxUA/company-logo_400_400/0/1630600315247?e=1717632000&v=beta&t=ukNaKZGVAezpcWdIQVIKD1aLVGE2eq9s4rCJ0mpoSKo","85.08%",
"ch-divyesh-b17a9a171","1","1","2017","31","12","2021","electronics and communication","BTech - Bachelor of Technology","SRM University","https://www.linkedin.com/company/879960/",,"https://media.licdn.com/dms/image/C510BAQHO4Qj_rvGxUA/company-logo_400_400/0/1630600315247?e=1717632000&v=beta&t=ukNaKZGVAezpcWdIQVIKD1aLVGE2eq9s4rCJ0mpoSKo",,
"chaitanya-bejjanki-55ba91171","1","8","2023",,,,"Information Technology and Management ","Masters","Illinois Institute of Technology","https://www.linkedin.com/company/6328/",,"https://media.licdn.com/dms/image/C4D0BAQEd6wnmQCCIHw/company-logo_400_400/0/1630559679535/illinois_institute_of_technology_logo?e=1717632000&v=beta&t=9_wR1v9lt8WVPSux8a585YLwqzmyIqxwEYp0mHeXRL0","4.0",
"chaitanya-bejjanki-55ba91171","1","1","2017","31","12","2021","Electronics and Communication Engineering","Bachelor's degree","SRKR Engineering College","https://www.linkedin.com/company/15107578/",,"https://media.licdn.com/dms/image/C510BAQHis_wgU1SguA/company-logo_400_400/0/1630580954011/srkr_engineering_college_logo?e=1717632000&v=beta&t=I69eN1i6drUUCiol8l9ouzNKZb82-zhoEKIATpfcSVk",,
"chriskempczinski",,,,,,,,,"Duke University",,,"https://media.licdn.com/dms/image/D4E0BAQE1nqQztnbgIA/company-logo_400_400/0/1704127476142/duke_university_logo?e=1716422400&v=beta&t=XRQgtue2PkCZtDENX0DFGWtgNOJTjmbMvpr_74R8k3o",,
"chriskempczinski",,,,,,,,,"Harvard Business School",,,"https://media.licdn.com/dms/image/C4D0BAQF_DkXTlZVo1w/company-logo_400_400/0/1639781479259/harvard_business_school_logo?e=1716422400&v=beta&t=eOcOSWTkIzd86Uep8mM5E6D87eRJ7GrXqHk-vt3dd-M",,
"cira-pozo-sanchez","1","8","2023","30","6","2024",,"Master of Cybersecurity","Illinois Institute of Technology","https://www.linkedin.com/company/6328/","Skills: Vulnerability Assessment and Penetration Testing (VAPT) · Ethical Hacking · System and Network Security · Cybersecurity","https://media.licdn.com/dms/image/C4D0BAQEd6wnmQCCIHw/company-logo_400_400/0/1630559679535/illinois_institute_of_technology_logo?e=1717632000&v=beta&t=9_wR1v9lt8WVPSux8a585YLwqzmyIqxwEYp0mHeXRL0",,
"cira-pozo-sanchez","1","9","2022","30","6","2024",," MSc in Telecommunications Engineering","Universidad Politécnica de Madrid","https://www.linkedin.com/company/166617/","Skills: Gestión de proyectos · Tecnologías de redes · Instrumentación electrónica · Sistemas de telecomunicaciones · Telemática","https://media.licdn.com/dms/image/D4D0BAQHJPlcA68PA2Q/company-logo_400_400/0/1686904766811/universidad_politecnica_de_madrid_logo?e=1717632000&v=beta&t=yxg3h7Q1mtAACW6v49m0WBf1yBiU-fef-zBlGJsuUzk",,
"cira-pozo-sanchez","1","9","2018","30","6","2022","Telemática","Bachelor of Engineering in Telecommunication Technologies and Services Engineering","Universidad Politécnica de Madrid","https://www.linkedin.com/company/166617/","Skills: Arquitectura de redes · Sistemas de telecomunicaciones · Programación · Telemática · Ciberseguridad","https://media.licdn.com/dms/image/D4D0BAQHJPlcA68PA2Q/company-logo_400_400/0/1686904766811/universidad_politecnica_de_madrid_logo?e=1717632000&v=beta&t=yxg3h7Q1mtAACW6v49m0WBf1yBiU-fef-zBlGJsuUzk",,
"deekshitha-gangam","1","1","2023","31","12","2024","Information Technology and Management ","Master of Science - MS","Illinois Institute of Technology","https://www.linkedin.com/company/illinois-tech","Specialization in Data Analytics and Management","https://media.licdn.com/dms/image/C4D0BAQEd6wnmQCCIHw/company-logo_400_400/0/1630559679535/illinois_institute_of_technology_logo?e=1717632000&v=beta&t=9_wR1v9lt8WVPSux8a585YLwqzmyIqxwEYp0mHeXRL0","3.6/4",
"deekshitha-gangam","1","1","2017","31","12","2021","computer science and engineering","Bachelor of Technology - BTech","INSTITUTE OF AERONAUTICAL ENGINEERING","https://www.linkedin.com/company/2712285/",,"https://media.licdn.com/dms/image/D4E0BAQHy9m1CaSIb5Q/company-logo_400_400/0/1702622413342/institute_of_aeronautical_engineering_logo?e=1717632000&v=beta&t=VhKC6l6WK8eWUJSXsNoFvGJ6GEK-bVHW7Lr-jaQ4iI0","8.81/10",
"diwakar-nayak-01355020a","1","8","2022","31","5","2024","Information Systems","Master of Science - MS","Central Michigan University","https://www.linkedin.com/company/162966/","Skills: Data Visualization · Git · Business Analytics · Project Management","https://media.licdn.com/dms/image/C560BAQEpF8plk8R_Bw/company-logo_400_400/0/1676584830061/central_michigan_university_logo?e=1717632000&v=beta&t=rEfYzL2AgN3wlcsV5qzQHpD9K0XFaYc6kD884Z1Vo_I",,
"diwakar-nayak-01355020a","1","8","2017","31","5","2021","Computer Science","Bachelor of Technology - BTech","INSTITUTE OF AERONAUTICAL ENGINEERING","https://www.linkedin.com/company/2712285/","Skills: SQL · Python (Programming Language)","https://media.licdn.com/dms/image/D4E0BAQHy9m1CaSIb5Q/company-logo_400_400/0/1702622413342/institute_of_aeronautical_engineering_logo?e=1717632000&v=beta&t=VhKC6l6WK8eWUJSXsNoFvGJ6GEK-bVHW7Lr-jaQ4iI0",,
"diwakar-nayak-01355020a",,,,,,,,,"Kakatiya high school Nizamabad",,,,,
"diwakar-nayak-01355020a",,,,,,,,,"Narayana junior college",,,,,
"entrust","1","1","2001","1","1","2003",,,"Portland State University",,,,,
"entrust","1","1","1998","1","1","2000","Electronics Engineering Technology","Associates","ITT Technical Institute",,,,,
"fortnow","1","1","1986","31","12","1989","Applied Mathematics","Ph.D.","Massachusetts Institute of Technology","https://www.linkedin.com/school/mit/",,"https://media-exp1.licdn.com/dms/image/C4E0BAQHBK7qvTvtkZA/company-logo_100_100/0/1519856414204?e=1655942400&v=beta&t=xvpk-8NszpdxH2KGIkfjGXTexySIgxpbbRfeIJST1FQ",,
"fortnow","1","1","1985","31","12","1986","Computer Science","None","University of California, Berkeley","https://www.linkedin.com/school/uc-berkeley/",,"https://media-exp1.licdn.com/dms/image/C4D0BAQGF8uB7vUoJ0Q/company-logo_100_100/0/1639585476982?e=1655942400&v=beta&t=_1dF9Fien_w4m3xBPJDFmuaaTYrpuJ-OvhSx7K3zZoM",,
"fortnow","1","1","1981","31","12","1985","Computer Science, Mathematics","BA","Cornell University","https://www.linkedin.com/school/cornell-university/",,"https://media-exp1.licdn.com/dms/image/C560BAQE8SOXGRyv7LA/company-logo_100_100/0/1519856401039?e=1655942400&v=beta&t=Yx0h-4Rv3J2klEor8_AaQ9g9DzV6KqjCWpXNKyaRUdg",,
"gazcarater","1","8","2023","31","5","2024",,"Master of Information Technology and Management: Major in Data analytics.","Illinois Institute of Technology","https://www.linkedin.com/company/6328/","Relevant Coursework:
- Data Mining & Machine Learning (Python project, supervised and unsupervised learning, outlier detection, association rules, recommender systems )
- Advanced Topics in Data Management (Advanced SQL, Access and Oracle SQL Developer)
- Programming for Data Analytics (R, Statistics, Linear regression)
- Database security
- Object-Oriented System Analysis, Modeling and Design
- Data Warehousing","https://media.licdn.com/dms/image/C4D0BAQEd6wnmQCCIHw/company-logo_400_400/0/1630559679535/illinois_institute_of_technology_logo?e=1717632000&v=beta&t=9_wR1v9lt8WVPSux8a585YLwqzmyIqxwEYp0mHeXRL0",,
"gazcarater","1","9","2022",,,,"Telecommunication Engineering","Master of Engineering - MEng","Universidad Politécnica de Madrid","https://www.linkedin.com/company/166617/","2 years of Master's Degree. The first of which is general and the second of which is specialized.
Relevant Coursework:
- Communication systems
- Multimedia systems and services 
- Applications and services
- Communication networks
- Integration of networks, applications and content
- Strategic vision of the integration of technologies and systems in the ICT sector

ABET accreditation.","https://media.licdn.com/dms/image/D4D0BAQHJPlcA68PA2Q/company-logo_400_400/0/1686904766811/universidad_politecnica_de_madrid_logo?e=1717632000&v=beta&t=yxg3h7Q1mtAACW6v49m0WBf1yBiU-fef-zBlGJsuUzk",,
"gazcarater","1","9","2021","28","2","2022",,"Magistrale in Communications and Computer Networks Engineering","Politecnico di Torino","https://www.linkedin.com/company/165510/","Six months of the Bachelor’s Degree were taken at Politecnico di Torino. Studying abroad gave me a broader perspective of the world, as well as increasing my ability to be independent and responsible.
Relevant Coursework:
- Computer Networks Design and management.
- Distributted systems programming.
- Data Science and Database Technology
- Information System Security","https://media.licdn.com/dms/image/C4D0BAQGbyRTmgwi0uw/company-logo_400_400/0/1630550785230/politecnico_di_torino_logo?e=1717632000&v=beta&t=JNEegmpqr-2CBXeq1ixGINq3MaPa125nb9FKXeCDzc8",,
"gazcarater","1","9","2018","31","7","2022","Telecommunication Technologies and Services Engineering","Bachelor of Engineering - BE","Universidad Politécnica de Madrid","https://www.linkedin.com/company/166617/","Major in Computer Science
ABET accreditation.","https://media.licdn.com/dms/image/D4D0BAQHJPlcA68PA2Q/company-logo_400_400/0/1686904766811/universidad_politecnica_de_madrid_logo?e=1717632000&v=beta&t=yxg3h7Q1mtAACW6v49m0WBf1yBiU-fef-zBlGJsuUzk",,
"gazcarater","1","1","2016","31","12","2018","Bachelor of Technology","Colegio San Agustín deMadrid","Colegio San Agustin",,,,,
"gopal-raj-suresh-d","1","8","2023","31","8","2025","Information Technology","Master's degree","Illinois Institute of Technology","https://www.linkedin.com/company/6328/",,"https://media.licdn.com/dms/image/C4D0BAQEd6wnmQCCIHw/company-logo_400_400/0/1630559679535/illinois_institute_of_technology_logo?e=1717632000&v=beta&t=9_wR1v9lt8WVPSux8a585YLwqzmyIqxwEYp0mHeXRL0",,
"gopal-raj-suresh-d","1","7","2017","31","7","2021","Mechanical Engineering","Bachelor of Technology - BTech","MVGR College of Engineering","https://www.linkedin.com/company/6924734/",,,"3.5/4",
"harshal29","1","8","2023","31","5","2025","Information Technology and Management","Master's degree","Illinois Institute of Technology","https://www.linkedin.com/company/6328/",,"https://media.licdn.com/dms/image/C4D0BAQEd6wnmQCCIHw/company-logo_400_400/0/1630559679535/illinois_institute_of_technology_logo?e=1707955200&v=beta&t=b56ljNA2mpQ6Kfxsl034Sk9sPO67KxhtehtM9QyhD_g",,
"harshal29","1","1","2018","31","12","2021","Mechanical Engineering","Bachelor of Engineering - BE","Savitribai Phule Pune University","https://www.linkedin.com/company/15094398/",,"https://media.licdn.com/dms/image/C4E0BAQEFsIyAZyuMwA/company-logo_400_400/0/1631345386058?e=1707955200&v=beta&t=Is98fOVt8Rq6lsdmpswfoEBI9xFy3PK8nVVKM8SHB74",,
,,,,,,,,,,,,,,
"interlee","1","1","2016","31","12","2020",,,"Illinois Institute of Technology",,,"https://media-exp1.licdn.com/dms/image/C4D0BAQEd6wnmQCCIHw/company-logo_100_100/0/1556827665561?e=2147483647&v=beta&t=w7RjDnBJwhzn6xLDq1aRK7KsSW8MH3LbkR4g_LZvitQ",,
"interlee","1","1","2005","31","12","2009","Computer Information Systems","MS","Northwestern University",,,"https://media-exp1.licdn.com/dms/image/C4E0BAQH-sXOOSUF3aA/company-logo_100_100/0/1519856314413?e=2147483647&v=beta&t=MQxdYXh7z4diiFeVS3v1vqq3L46ohl_WjsmNmH4MOcg",,
"interlee","1","1","1989","31","12","1997","Library and Information Science","Master of Science (MS)","Yonsei University",,,"https://media-exp1.licdn.com/dms/image/C560BAQFETCFzsdANRg/company-logo_100_100/0/1519862402482?e=2147483647&v=beta&t=vwXI-Vv7ibJsk2WiKC2iTTVjg4m8TEmJTgNVhgg2ecQ",,
"ishanprabhune","1","8","2023",,,,"Information Technology and Management","Master's degree","Illinois Institute of Technology",,,"https://media.licdn.com/dms/image/C4D0BAQEd6wnmQCCIHw/company-logo_400_400/0/1630559679535/illinois_institute_of_technology_logo?e=1707955200&v=beta&t=b56ljNA2mpQ6Kfxsl034Sk9sPO67KxhtehtM9QyhD_g",,
"ishanprabhune","1","8","2018","31","7","2021",,"Bachelor of Engineering - BE Mechanical ","Savitribai Phule Pune University",,,"https://media.licdn.com/dms/image/C4E0BAQEFsIyAZyuMwA/company-logo_400_400/0/1631345386058?e=1707955200&v=beta&t=Is98fOVt8Rq6lsdmpswfoEBI9xFy3PK8nVVKM8SHB74",,
"ishanprabhune","1","7","2015","30","6","2018","Mechanical Engineering","Diploma of Education","Maharashtra State Board of Technical Education, Mumbai",,,,,
"ishanprabhune",,,,,,,,"10th Grade","Central Board of Secondary Education",,,"https://media.licdn.com/dms/image/C4D0BAQHq29ObkBlk_A/company-logo_400_400/0/1631336209533?e=1707955200&v=beta&t=FuBGgIivOuwXQYxH4BejRn-5o_oDa2O8NjcM_mSMa98",,
"jakka-gunith","1","1","2023",,,,"Computer Science","Master's degree","Illinois Institute of Technology",,,"https://media.licdn.com/dms/image/C4D0BAQEd6wnmQCCIHw/company-logo_400_400/0/1556827665561/illinois_institute_of_technology_logo?e=1707350400&v=beta&t=IE5e2vI5GCa0mAR5UL0zyzyWIWAFFp52y3AQSoMLb8A",,
"jakka-gunith","1","1","2017","31","5","2021","Computer Science","Bachelor of Technology","Keshav memorial college of engineering",,,,,
"jamiedimon","1","1","1982",,,,,"Master of Business Administration (MBA)","Harvard Business School","https://www.linkedin.com/company/4867/",,"https://media.licdn.com/dms/image/C4D0BAQF_DkXTlZVo1w/company-logo_400_400/0/1639781479259/harvard_business_school_logo?e=1716422400&v=beta&t=eOcOSWTkIzd86Uep8mM5E6D87eRJ7GrXqHk-vt3dd-M",,
"jamiedimon","1","1","1978",,,,,"Bachelor of Arts (B.A.)","Tufts University","https://www.linkedin.com/company/157341/",,"https://media.licdn.com/dms/image/C4E0BAQH_656Vr-3pxA/company-logo_400_400/0/1631326600842?e=1716422400&v=beta&t=ZNlZN2WAUOV-SE3ZZW5MkXY8HpLI6etLJOGoLMiEo8A",,
"javier-moreno-frutos","1","1","2022","31","12","2024","Máster Universitario en Ingeniería de Telecomunicación","Máster","Universidad Politécnica de Madrid","https://es.linkedin.com/school/universidad-politecnica-de-madrid/",,"https://media.licdn.com/dms/image/C4E0BAQGFLi28bctGCw/company-logo_100_100/0/1653563613506?e=2147483647&v=beta&t=CvOoD10Jf3_fACJbXjfGJo70RJVdzAqL5LInHUtAQ2I",,
"javier-moreno-frutos","1","1","2018","31","12","2022","Ingeniería de telecomunicaciones","Grado","Universidad Politécnica de Madrid","https://es.linkedin.com/school/universidad-politecnica-de-madrid/",,"https://media.licdn.com/dms/image/C4E0BAQGFLi28bctGCw/company-logo_100_100/0/1653563613506?e=2147483647&v=beta&t=CvOoD10Jf3_fACJbXjfGJo70RJVdzAqL5LInHUtAQ2I",,
"javier-moreno-frutos","1","1","2003","31","12","2018","Ciencia","Bachillerato","Colegio Bienaventurada Virgen Maria (Irlandesas)",,,,,
"joel-miranda-4159801a1","1","1","2023","31","12","2024","Information Technology and Management","Master of Science - MS","Illinois Institute of Technology","https://www.linkedin.com/company/6328/",,"https://media.licdn.com/dms/image/C4D0BAQEd6wnmQCCIHw/company-logo_400_400/0/1630559679535/illinois_institute_of_technology_logo?e=1717632000&v=beta&t=9_wR1v9lt8WVPSux8a585YLwqzmyIqxwEYp0mHeXRL0",,
"joel-miranda-4159801a1","1","1","2016","31","12","2020","Computer Science","Bachelor of Engineering - BE","St Joseph Engineering College, Mangaluru","https://www.linkedin.com/company/14586063/",,"https://media.licdn.com/dms/image/C510BAQHUrhaaz7wHRg/company-logo_400_400/0/1630580910897?e=1717632000&v=beta&t=tbf693U6d8g77lw5_CzkVR7_ADBghGj6pvrdVu8R9Wo",,
"mauricedawson","1","1","2016","1","1","2017","Hyper-connectivity: Intricacies of national and international cyber securities","Doctor of Philosophy - PhD","London Metropolitan University",,,"https://media.licdn.com/dms/image/C4D0BAQFlF6HLsmM7IA/company-logo_400_400/0/1625149732089?e=1692230400&v=beta&t=zp1-xxE5G5Xq0pbf4CVAi3MorBcg8A2ziGbwNqdxHpU",,
"mauricedawson","1","1","2020","1","1","2021","Information Systems and Technology (Cyber Warfare)","Postdoctoral","Universidade Fernando Pessoa",,,"https://media.licdn.com/dms/image/C4D0BAQGIv8acZxjZJA/company-logo_400_400/0/1544114789543?e=1692230400&v=beta&t=poIfXCFhhSMYfSYZrdpDgqnc2deV4sFaHkarFLnQWzI",,
"mauricedawson","1","1","2006","1","1","2009","Computer Science","Doctor's Degree","Colorado Technical University",,,"https://media.licdn.com/dms/image/C510BAQFmIfDn2MA1FQ/company-logo_400_400/0/1519856083211?e=1692230400&v=beta&t=hdABUA3thBeCZ_gcnRXGP0GB6DGdxKlBCBMZ_5osDE0",,
"mauricedawson","1","3","2023","1","3","2023","Operational Level Energy Security","Certificate","Baltic Defence College",,,,,
"mauricedawson","1","1","2022","1","1","2022","Cyber Defence Policy on National and International Levels","Certificate","European Security and Defence College (ESDC)",,,"https://media.licdn.com/dms/image/C560BAQG6wuEGCfWmDQ/company-logo_400_400/0/1521469941630?e=1692230400&v=beta&t=DMUrNEWXfL2FFuq5bxCZrFM8t2H4mZRaf9ciIe8WKFY",,
"mauricedawson","1","1","2012","1","1","2012","Public Policy Analysis","Graduate Certificate","Walden University",,,"https://media.licdn.com/dms/image/C560BAQGyt-7PZa36Vg/company-logo_400_400/0/1657051915402?e=1692230400&v=beta&t=8kDGeTPmPfzqmlpUVKgjdWVNs9KgTnyRO-LPkfB3VVc",,
"mauricedawson","1","1","2010","1","1","2010","Business Administration and Management, General","Master of Business Administration - MBA","Colorado Technical University",,,"https://media.licdn.com/dms/image/C510BAQFmIfDn2MA1FQ/company-logo_400_400/0/1519856083211?e=1692230400&v=beta&t=hdABUA3thBeCZ_gcnRXGP0GB6DGdxKlBCBMZ_5osDE0",,
"mauricedawson","1","1","2007","1","1","2007","Fundamentals of Systems Planning, Research, Development, and Engineering","Certificate","Defense Acquisition University",,,"https://media.licdn.com/dms/image/C560BAQFfjVE3-ZH5HQ/company-logo_400_400/0/1603069221656?e=1692230400&v=beta&t=oyRERg6O827anp_-TpDnUNljNJYDAZbM5djKNu0X7eI",,
"mauricedawson","1","1","2007","1","1","2007","Fundamentals of Systems Acquisition Management ","Certificate","Defense Acquisition University",,,"https://media.licdn.com/dms/image/C560BAQFfjVE3-ZH5HQ/company-logo_400_400/0/1603069221656?e=1692230400&v=beta&t=oyRERg6O827anp_-TpDnUNljNJYDAZbM5djKNu0X7eI",,
"mauricedawson","1","1","2005","1","1","2006","Management in Information Systems Security","Master of Science - MS","Colorado Technical University",,,"https://media.licdn.com/dms/image/C510BAQFmIfDn2MA1FQ/company-logo_400_400/0/1519856083211?e=1692230400&v=beta&t=hdABUA3thBeCZ_gcnRXGP0GB6DGdxKlBCBMZ_5osDE0",,
"mauricedawson","1","1","2001","1","1","2004","Applied Technology","Bachelor of Science - BS","Athens State University",,,"https://media.licdn.com/dms/image/C4D0BAQG4MPHBWWmTEQ/company-logo_400_400/0/1614976846943?e=1692230400&v=beta&t=8h4q5Zh3kQqA22sYxxK5gjAVDYHFHdNTcvzmfizzRJg",,
"mauricedawson","1","1","2001","1","1","2001","Information Systems Operator Analyst","Diploma","United States Army Signal School",,,,,
"morgan-richards-4a3353207","1","1","2019","31","12","2024","EECS","Bachelor's degree","University of California, Berkeley","https://www.linkedin.com/company/uc-berkeley","Took time off during COVID","https://media.licdn.com/dms/image/C4D0BAQGF8uB7vUoJ0Q/company-logo_400_400/0/1639585477530/uc_berkeley_logo?e=1717632000&v=beta&t=Y-LMdrWZf1egrtPDKILtOYLJzBmZRYXY5LpAh0ZcR4I",,
"narendramodi",,,,,,,"Political Science and Government","Political Science","Gujarat University","https://www.linkedin.com/company/3950092/",,"https://media.licdn.com/dms/image/C4D0BAQFO-BHBuDhZKw/company-logo_400_400/0/1669369004091?e=1710979200&v=beta&t=HeCn0x-aH8limBlPWq-A3hPUjX_R8xzQwgTE35qOSr0",,
"nidhi-patni-jain","1","1","2023","31","5","2024","Information Technology and Management","Masters","Illinois Institute of Technology",,,"https://media.licdn.com/dms/image/C4D0BAQEd6wnmQCCIHw/company-logo_400_400/0/1630559679535/illinois_institute_of_technology_logo?e=1713398400&v=beta&t=LQzca7ZA1oLtUFZxYfPE0vraYJxuXZAF7JgFkG_c_h0",,
"nidhi-patni-jain","1","7","2013","31","7","2017","Information Technology","Bachelor of Engineering","Pune Institute of Computer Technology",,,"https://media.licdn.com/dms/image/C560BAQFMx5qjAC9X-w/company-logo_400_400/0/1661593836468/pune_institute_of_computer_technology_logo?e=1713398400&v=beta&t=WCZ_5nahiq9xonEV-p026gsSlDQrSilMwenzDA3O8Og",,
"nidhi-patni-jain","1","6","2011","30","6","2013","Science","HSC","Shri Radhakisan Lakshminarayan Toshniwal Science College, Akola.",,,"https://media.licdn.com/dms/image/C4D0BAQE71KHPfTaHxQ/company-logo_400_400/0/1669475870382/shri_radhakisan_lakshminarayan_toshniwal_science_college_akola_logo?e=1713398400&v=beta&t=WSik_pg5EuOjCj5kKQdWSbXPNGzB8LxbmvlEidoCCyE",,
"p-s-r-c","1","1","2023",,,,"Data Analytics, Information Technology and Management","Master's degree","Illinois Institute of Technology","https://www.linkedin.com/company/6328/","Skills: HTML · MySQL · Databases · ERD · Oracle SQL · Hypothesis Testing · Cascading Style Sheets (CSS) · Microsoft Power BI · Python (Programming Language) · Extract, Transform, Load (ETL) · Design Thinking · Machine Learning · Data Cleaning · Google Sheets · Project Management · Information ","https://media.licdn.com/dms/image/C4D0BAQEd6wnmQCCIHw/company-logo_400_400/0/1630559679535/illinois_institute_of_technology_logo?e=1717632000&v=beta&t=9_wR1v9lt8WVPSux8a585YLwqzmyIqxwEYp0mHeXRL0","3.5",
"p-s-r-c","1","6","2018","30","9","2022","Electrical, Electronics and Communications Engineering","Bachelor of Technology - BTech","Vishnu Institute of Technology (Autonomous) ","https://www.linkedin.com/company/15127587/","Affiliated to Jawaharlal Nehru Technological University, Kakinada.

Excelled in:
C (Programming Language)
Data Structures
Object-Oriented Programming through JAVA
Electromagnetic Fields and Transmission Lines
Stochastic Processes
Computer Architecture and Organization
Satellite Communications
Cellular Mobile Communications","https://media.licdn.com/dms/image/C560BAQEdujoy3UR98A/company-logo_400_400/0/1630657523088/vishnu_institute_of_technology_vishnupur_bhimavaram_pin_534202_cc_pa__logo?e=1717632000&v=beta&t=L_tidgSO0HKxJxBnUXvo6rSCtuzK-fvzF80beRS3ghE","First Class",
"p-s-r-c","1","6","2016","30","4","2018","Pre-Engineering","Intermediate","Sri Chaitanya Junior College, Eluru",,"Majors:
Mathematics
Physics
Chemistry",,"961/1000",
"p-s-r-c","1","6","2008","30","4","2016",,"High School","Sir C.R.Reddy Public School, Eluru",,,,,
"phalgunkollepara","1","8","2023","31","8","2025","Business analytics","Master of Business Administration - MBA","Illinois Institute of Technology","https://www.linkedin.com/company/6328/",,"https://media.licdn.com/dms/image/C4D0BAQEd6wnmQCCIHw/company-logo_400_400/0/1630559679535/illinois_institute_of_technology_logo?e=1717632000&v=beta&t=9_wR1v9lt8WVPSux8a585YLwqzmyIqxwEYp0mHeXRL0",,
"phalgunkollepara","1","1","2017","31","12","2021","Electronics and Communications Engineering","Bachelor's degree","SRM University","https://www.linkedin.com/company/879960/",,"https://media.licdn.com/dms/image/C510BAQHO4Qj_rvGxUA/company-logo_400_400/0/1630600315247?e=1717632000&v=beta&t=ukNaKZGVAezpcWdIQVIKD1aLVGE2eq9s4rCJ0mpoSKo",,
"phalgunkollepara","1","1","2015","31","12","2017",,,"Sri Chaitanya College of Education","https://www.linkedin.com/company/15102548/",,"https://media.licdn.com/dms/image/C4E0BAQFGcnCCVep9bw/company-logo_400_400-alternative/0/1630620788881/sri_chaitanya_college_of_education_logo?e=1717632000&v=beta&t=IsHfIaWk5oD-fdGg7aO0u2xz4GMYe-kWLXtvJYy-m5A",,
"phalgunkollepara",,,,,,,,,"Bhashyam (E.M) High School",,,,,
"preetham-voleti-45836619b","1","8","2023","31","8","2025","Information Technology","Master of Science - MS","Illinois Institute of Technology",,,"https://media.licdn.com/dms/image/C4D0BAQEd6wnmQCCIHw/company-logo_400_400/0/1630559679535/illinois_institute_of_technology_logo?e=1717632000&v=beta&t=9_wR1v9lt8WVPSux8a585YLwqzmyIqxwEYp0mHeXRL0",,
"preetham-voleti-45836619b","1","1","2017","31","1","2021","Electrical, Electronics and Communications Engineering","Bachelor of Technology - BTech","SRM University",,,"https://media.licdn.com/dms/image/C510BAQHO4Qj_rvGxUA/company-logo_400_400/0/1630600315247?e=1717632000&v=beta&t=ukNaKZGVAezpcWdIQVIKD1aLVGE2eq9s4rCJ0mpoSKo",,
"rajcharan-haridasu-3993a2216","1","8","2023","31","7","2025","Information Technology and Management","Master's degree","Illinois Institute of Technology","https://www.linkedin.com/company/6328/",,"https://media.licdn.com/dms/image/C4D0BAQEd6wnmQCCIHw/company-logo_400_400/0/1630559679535/illinois_institute_of_technology_logo?e=1717632000&v=beta&t=9_wR1v9lt8WVPSux8a585YLwqzmyIqxwEYp0mHeXRL0",,
"rajcharan-haridasu-3993a2216","1","1","2017","31","12","2021","Electronics and communication Engineering","Bachelor of Technology - BTech","SRM University","https://www.linkedin.com/company/879960/",,"https://media.licdn.com/dms/image/C510BAQHO4Qj_rvGxUA/company-logo_400_400/0/1630600315247?e=1717632000&v=beta&t=ukNaKZGVAezpcWdIQVIKD1aLVGE2eq9s4rCJ0mpoSKo",,
"rajcharan-haridasu-3993a2216","1","7","2015","31","7","2017","MPC","Intermediate","Sri Chaitanya College of Education","https://www.linkedin.com/company/15102548/",,"https://media.licdn.com/dms/image/C4E0BAQFGcnCCVep9bw/company-logo_400_400-alternative/0/1630620788881/sri_chaitanya_college_of_education_logo?e=1717632000&v=beta&t=IsHfIaWk5oD-fdGg7aO0u2xz4GMYe-kWLXtvJYy-m5A",,
"rajcharan-haridasu-3993a2216","1","7","2004","31","7","2015","ICSE","10th","St.Ann’s",,,,,
"rajeshgopinathan","1","1","1994","31","1","1996",,"PGDM","Indian Institute of Management Ahmedabad",,,"https://media.licdn.com/dms/image/D4D0BAQEM7igMMa_i9w/company-logo_400_400/0/1667468152053/iimahmedabad_logo?e=1713398400&v=beta&t=jkpGpXOP0u3b_FguhnO3lVzTEye_p46LArodcbLTTSs",,
"rajeshgopinathan","1","1","1990","31","1","1994","Electrical and Electronics Engineering","Bachelor of Engineering - BE","National Institute of Technology, Tiruchirappalli",,,"https://media.licdn.com/dms/image/D560BAQFryFNz3kWsbg/company-logo_400_400/0/1692791348408/nittrichy_logo?e=1713398400&v=beta&t=aZxzIDTRowmPOeaUQ__epwv9rjJD2eVZCujz12Mal5c",,
"rdedhia1","1","8","2023","31","8","2025","Information Technology and Management","Master's degree","Illinois Institute of Technology","https://www.linkedin.com/company/6328/","ITMD_514 Programming for Data Analytics 
ITMD_523 Adv. Topics in Data Management 
ITMS_528 Database Security","https://media.licdn.com/dms/image/C4D0BAQEd6wnmQCCIHw/company-logo_400_400/0/1630559679535/illinois_institute_of_technology_logo?e=1717632000&v=beta&t=9_wR1v9lt8WVPSux8a585YLwqzmyIqxwEYp0mHeXRL0",,
"rdedhia1","1","7","2019","30","4","2022","Information Technology","Bachelor of Science - BS","University of Mumbai","https://www.linkedin.com/company/15093732/",,"https://media.licdn.com/dms/image/C4E0BAQGsu_DimiqUow/company-logo_400_400/0/1631357817785?e=1717632000&v=beta&t=3Vx6bk_4t8Ew4ZZE3U7SR5yJEHUyqMNTCcwPBLha7CI","8.7 CGPA",
"reidhoffman","1","1","2020","31","1","2020","Faculty of Information Technology and Electrical Engineering","Honorary Doctor","University of Oulu",,,"https://media.licdn.com/dms/image/D4E0BAQHu0BWtQX586A/company-logo_400_400/0/1691396242467/university_of_oulu_logo?e=1717027200&v=beta&t=KyQhWDh9eOfI-EAQE1pvSvemm0_reE7RY58LhYRVC7Y",,
"reidhoffman","1","1","2012","31","1","2012","Entrepreneurship/Entrepreneurial Studies","Honorary Doctor of Laws","Babson College",,,"https://media.licdn.com/dms/image/C4E0BAQG9uoVqHj4dSg/company-logo_400_400/0/1630613547672/babson_college_logo?e=1717027200&v=beta&t=nSV1V883LLyacVZEpwj9iX5-rIy1ROCdRL5NB3fGo7Q",,
"reidhoffman","1","9","1990","30","6","1993","Philosophy","M.St.","University of Oxford",,,"https://media.licdn.com/dms/image/C560BAQGwPZs3spXFqw/company-logo_400_400/0/1630592784438/university_of_oxford_logo?e=1717027200&v=beta&t=sN3aglhl8dybYeptPzKtDmDxOIKJcbqbqGCQtbUSkzg",,
"reidhoffman","1","1","1985","31","1","1990","Symbolic Systems","B.S.","Stanford University",,,"https://media.licdn.com/dms/image/C560BAQHr9suxyJBXMw/company-logo_400_400/0/1635534378870/stanford_university_logo?e=1717027200&v=beta&t=MKoD1VVzYmpYpdULiz17bb-X421Q8_DaNrUYhOuo-ic",,
"reidhoffman","1","1","1982","31","1","1985","Highschool","Diploma","The Putney School",,,,,
"renuka-suresh-adigesula","1","8","2017","31","1","2021","Computer Science","Bachelor of Engineering - BE","City Engineering College",,,"https://media.licdn.com/dms/image/C560BAQEBnHGtTBXYhw/company-logo_400_400/0/1630639036524?e=1717632000&v=beta&t=4Dcub6tENmHE1UD_cr26xznV-8MZOdljxEqIh9uvOoY",,
"renuka-suresh-adigesula","1","8","2023",,,,"Information Technology and Management","Master's degree","Illinois Institute of Technology",,,"https://media.licdn.com/dms/image/C4D0BAQEd6wnmQCCIHw/company-logo_400_400/0/1630559679535/illinois_institute_of_technology_logo?e=1717632000&v=beta&t=9_wR1v9lt8WVPSux8a585YLwqzmyIqxwEYp0mHeXRL0",,
"roygori",,,,,,,,"Economics and Finance","UNSW",,,"https://media.licdn.com/dms/image/D560BAQFqOpEPsH5vsQ/company-logo_400_400/0/1708045452262/unsw_logo?e=1716422400&v=beta&t=fs6yMWy8e-JNUl_-50NCwphOlrau-w0h83-pjzboSrg",,
"roygori",,,,,,,"Marketing","Master of Business Administration (MBA)","University of Technology Sydney",,,"https://media.licdn.com/dms/image/C560BAQHW5Zk21s3IBA/company-logo_400_400/0/1631330781753?e=1716422400&v=beta&t=FfgNUEUalG2-hjEimGSo7kRqv4Jrdn5HPfaeU6F04uo",,
"satyanadella","1","1","1994","31","12","1996",,,"The University of Chicago Booth School of Business","https://www.linkedin.com/company/8398/",,"https://media.licdn.com/dms/image/D560BAQFZO05jhYKSkw/company-logo_400_400/0/1692627816910/universityofchicagoboothschoolofbusiness_logo?e=1716422400&v=beta&t=xT_t1xTLXuohV7XqK2QrHlEir3gxFVhQH0HOmUnhOGU",,
"satyanadella",,,,,,,"Electrical Engineering","Bachelor’s Degree","Manipal Institute of Technology","https://www.linkedin.com/company/577550/",,"https://media.licdn.com/dms/image/C510BAQH66KkTTZFJ2A/company-logo_400_400/0/1630615963889/manipal_institute_of_technology_logo?e=1716422400&v=beta&t=bkT1hiRtUY8zsDouYS3z-amqYjRi4ZoNDuzAYe5j0zA",,
"satyanadella",,,,,,,"Computer Science","Master’s Degree","University of Wisconsin-Milwaukee","https://www.linkedin.com/company/166690/",,"https://media.licdn.com/dms/image/C560BAQEpdVgxPT90bg/company-logo_400_400/0/1631305960953?e=1716422400&v=beta&t=IQMHi8LAWHSP46J54VV0zxQCjXZZWCncv1g3XEA2mmo",,
"shwetha-muralitharan","1","8","2022","31","5","2024","Information Technology and Management ","Master's degree","Illinois Institute of Technology","https://www.linkedin.com/company/6328/",,"https://media.licdn.com/dms/image/C4D0BAQEd6wnmQCCIHw/company-logo_400_400/0/1630559679535/illinois_institute_of_technology_logo?e=1717632000&v=beta&t=9_wR1v9lt8WVPSux8a585YLwqzmyIqxwEYp0mHeXRL0",,
"shwetha-muralitharan","1","1","2017","31","12","2022","Software systems","Master of Science","Sri Krishna Arts and Science College",,,,,
"sowjanya-msl-593000179","1","1","2023",,,,"Information Technology and Management","Master's degree","Illinois Institute of Technology","https://www.linkedin.com/company/6328/",,"https://media.licdn.com/dms/image/C4D0BAQEd6wnmQCCIHw/company-logo_400_400/0/1630559679535/illinois_institute_of_technology_logo?e=1717632000&v=beta&t=9_wR1v9lt8WVPSux8a585YLwqzmyIqxwEYp0mHeXRL0",,
"sowjanya-msl-593000179","1","1","2016","31","12","2020","Cse","Btech","Gayatri Vidya Parishad College of Engineering (Autonomous)","https://www.linkedin.com/company/18855773/",,"https://media.licdn.com/dms/image/C560BAQFkEC0pY-USUQ/company-logo_400_400/0/1630619632206/gvpcoe_logo?e=1717632000&v=beta&t=4Rp-laEoh-OgN8fB1iGXfVtP_MQkASzyiAE3E9PTejk",,
"sukanya-marati","1","1","2023",,,,"Information Technology","Master's degree","Illinois Institute of Technology","https://www.linkedin.com/company/6328/",,"https://media.licdn.com/dms/image/C4D0BAQEd6wnmQCCIHw/company-logo_400_400/0/1630559679535/illinois_institute_of_technology_logo?e=1717632000&v=beta&t=9_wR1v9lt8WVPSux8a585YLwqzmyIqxwEYp0mHeXRL0","3.8/4",
"surya-merala","1","1","2023","31","12","2024","Information technology and management ","Master of Science - MS","Illinois Institute of Technology",,,"https://media.licdn.com/dms/image/C4D0BAQEd6wnmQCCIHw/company-logo_400_400/0/1630559679535/illinois_institute_of_technology_logo?e=1717632000&v=beta&t=9_wR1v9lt8WVPSux8a585YLwqzmyIqxwEYp0mHeXRL0",,
"surya-merala","1","8","2016","31","8","2020","Electronics and Communication ","Bachelor of Engineering - BE","K S Institute of Technology, BANGALORE",,,,,
"varshcs","1","12","2022","31","5","2025","Information Technology","Master's degree","Illinois Institute of Technology","https://www.linkedin.com/company/6328/",,"https://media.licdn.com/dms/image/C4D0BAQEd6wnmQCCIHw/company-logo_400_400/0/1630559679535/illinois_institute_of_technology_logo?e=1717632000&v=beta&t=9_wR1v9lt8WVPSux8a585YLwqzmyIqxwEYp0mHeXRL0",,
"varshcs","1","1","2016","31","12","2020","Information Science/Studies","Bachelor of Engineering - BE","The National Institute Of Engineering, Mysore","https://www.linkedin.com/company/18452522/",,"https://media.licdn.com/dms/image/C4E0BAQGpFYtpNvOlqQ/company-logo_400_400/0/1631357528454?e=1717632000&v=beta&t=cXhCVqhhCkkppp9gMSCe8PnOg7jQ1TtGLPeRGxx4Jto",,
"vempati-hemapavani","1","1","2023","31","12","2024","Information Technology and Management","Master's degree","Illinois Institute of Technology",,,"https://media.licdn.com/dms/image/C4D0BAQEd6wnmQCCIHw/company-logo_400_400/0/1630559679535/illinois_institute_of_technology_logo?e=1717027200&v=beta&t=vKMqFiVQdUvS1Ig59W0Jj3eeHm1rnbmBQm1B4KvpbuI",,
"vempati-hemapavani","1","1","2014","31","1","2018","Computer Science","Bachelor of Technology - B.Tech","GITAM Deemed University",,,"https://media.licdn.com/dms/image/D560BAQFYwtEOQRZccA/company-logo_400_400/0/1693546945108/gitam_deemed_university_logo?e=1717027200&v=beta&t=ypwGTHJbfODTJXaW7RaahjZMUnaWL4JMY_TEk4g-y1M",,
"vempati-hemapavani","1","1","2012","31","1","2014","STATE Board","Senior Secondary Examination","Narayana junior college, Hyderabad",,,,"96%",
"vempati-hemapavani","1","1","2005","31","1","2012","CBSE Board","Secondary Examination","Sri Prakash Residential School",,,,"CGPA - 9.8/10",
"venkata-sai-deep-gaddipati-654826249","1","8","2023","31","5","2025","Information Technology and Management","Master's degree","Illinois Institute of Technology","https://www.linkedin.com/company/6328/",,"https://media.licdn.com/dms/image/C4D0BAQEd6wnmQCCIHw/company-logo_400_400/0/1630559679535/illinois_institute_of_technology_logo?e=1717632000&v=beta&t=9_wR1v9lt8WVPSux8a585YLwqzmyIqxwEYp0mHeXRL0",,
"venkata-sai-deep-gaddipati-654826249","1","8","2019","31","3","2023","Electronics and Communications Engineering","Bachelor of Technology - BTech","KL University","https://www.linkedin.com/company/1353501/","Skills: Pega · C (Programming Language) · Python (Programming Language) · Internet of Things (IoT)","https://media.licdn.com/dms/image/C4D0BAQEbnIc5Va_TFQ/company-logo_400_400/0/1631344808425?e=1717632000&v=beta&t=yL_ET5Y1DODvQZjLjsreCqkK61pjpRn6Y4tKqokkJhc",,
"venkata-sai-deep-gaddipati-654826249","1","6","2017","31","5","2019","MPC","Intermediate","Deeksha Junior College",,,,,
"venkata-sai-deep-gaddipati-654826249","1","6","2013","30","4","2017",,"High School","VRS Vignana Jyothi School",,,,,
"vinay-kasa-254452148","1","8","2023","31","7","2025","Information Technology and Management","Master of Science - MS","Illinois Institute of Technology","https://www.linkedin.com/company/6328/",,"https://media.licdn.com/dms/image/C4D0BAQEd6wnmQCCIHw/company-logo_400_400/0/1630559679535/illinois_institute_of_technology_logo?e=1717632000&v=beta&t=9_wR1v9lt8WVPSux8a585YLwqzmyIqxwEYp0mHeXRL0",,
"vinay-kasa-254452148","1","1","2017","31","12","2021","Electronics and communication ","Bachelor of Technology - BTech","SRM University","https://www.linkedin.com/company/879960/",,"https://media.licdn.com/dms/image/C510BAQHO4Qj_rvGxUA/company-logo_400_400/0/1630600315247?e=1717632000&v=beta&t=ukNaKZGVAezpcWdIQVIKD1aLVGE2eq9s4rCJ0mpoSKo",,
"vinutha-b-191b03210","1","8","2022","31","8","2024","Information Technology","Master's degree","Illinois Institute of Technology","https://www.linkedin.com/company/illinois-tech","Graduate student at Illinois Institute of Technology","https://media.licdn.com/dms/image/C4D0BAQEd6wnmQCCIHw/company-logo_400_400/0/1630559679535/illinois_institute_of_technology_logo?e=1717632000&v=beta&t=9_wR1v9lt8WVPSux8a585YLwqzmyIqxwEYp0mHeXRL0",,
"vinutha-b-191b03210","1","1","2016","31","12","2020",,"Bachelor of Engineering - BE","Visvesvaraya Technological University","https://www.linkedin.com/company/8680105/","Skills: Interpersonal Skills · Networking · Office 365 · C (Programming Language)","https://media.licdn.com/dms/image/C4D0BAQEXLsH7UX9uMw/company-logo_400_400/0/1631303715236?e=1717632000&v=beta&t=No0NkCXMJjy9451uF6rn-6Bi70nYO9ErlHNkB2vMDEk",,
"vinutha-b-191b03210","1","1","2014","31","12","2016","PCMB","Pre university course","Christ University, Bangalore","https://www.linkedin.com/company/15115108/",,"https://media.licdn.com/dms/image/C560BAQENS8jNjdELYQ/company-logo_400_400/0/1657915737039?e=1717632000&v=beta&t=FqCLsfsK4HZuci1QtMc-5-lvRMrh5ClSFpmivJPL5pk",,
"vinutha-b-191b03210","1","1","2014",,,,,"10th Grade","St. Theresa's Girls'​ Higher Secondary School","https://www.linkedin.com/company/27089098/",,,,
"williamhgates","1","1","1973","31","12","1975",,,"Harvard University","https://www.linkedin.com/company/1646/",,"https://media.licdn.com/dms/image/C4E0BAQF5t62bcL0e9g/company-logo_400_400/0/1631318058235?e=1716422400&v=beta&t=DcVyCrZGtYJDC9VlUvB1y-rM7s8nXuIbIjHGEayBOFU",,
"williamhgates",,,,,,,,,"Lakeside School","https://www.linkedin.com/company/30288/",,"https://media.licdn.com/dms/image/D560BAQGFmOQmzpxg9A/company-logo_400_400/0/1683732883164/lakeside_school_logo?e=1716422400&v=beta&t=kj023G_p6PZGT2-1XqffVa-BhM6mSCrQiCpxq8ifcm8",,
"yashraj-diwate","1","8","2023","31","8","2025","Information Technology Management","Master's degree","Illinois Institute of Technology","https://www.linkedin.com/company/6328/",,"https://media.licdn.com/dms/image/C4D0BAQEd6wnmQCCIHw/company-logo_400_400/0/1630559679535/illinois_institute_of_technology_logo?e=1717632000&v=beta&t=9_wR1v9lt8WVPSux8a585YLwqzmyIqxwEYp0mHeXRL0",,
"yashraj-diwate","1","1","2016","31","12","2019","Electronics and telecommunications ","BE - Bachelor of Engineering","Sinhgad College of Engineering","https://www.linkedin.com/company/15122400/",,"https://media.licdn.com/dms/image/C4E0BAQGvnYd1TSSKxA/company-logo_400_400/0/1630587015848/sinhgad_college_of_engineering_logo?e=1717632000&v=beta&t=U4alVglrUEbWqKH5QC70MQmOwE8F-nxeR6X6nufhJes",,
"yuhan-ding-2122b588","31","12","2009","31","12","2014","Applied Mathematics","Doctor of Philosophy (Ph.D.)","Illinois Institute of Technology","https://www.linkedin.com/school/illinois-institute-of-technology/",,,,
