public_identifier,starts_at_day,starts_at_month,starts_at_year,ends_at_day,ends_at_month,ends_at_year,title,cause,company,company_linkedin_profile_url,description,logo_url
,,,,,,,,,,,,
,,,,,,,,,,,,
"adammgrant",,,,,,,,,,,,
"adammgrant",,,,,,,,,,,,
"adarsh-pathange",,,,,,,,,,,,
"adarsh-pathange",,,,,,,,,,,,
"ajjames","1","3","2019",,,,"Judge eCommerce Lotus and Media","Science and Technology","ADFEST (Official)","https://www.linkedin.com/company/13273926/","ADFEST is Asia’s most celebrated regional creative festival.

Founded in 1998, ADFEST is the ideal place for the creative industry to gather, network, exchange ideas, and meet new friends.

With less than 200 delegates its 1st year, ADFEST now welcomes over 1,200 delegates from all over the world each year.

ADFEST is included in the WARC Rankings, successor to The Gunn Report. The WARC Rankings combine the winners' lists from the world's most important awards to establish the annual worldwide league tables for the global advertising industry.

It is the annual creative festival not to be missed to stay at the forefront of the rapidly changing creative, marketing and production industries.

ADFEST not only raises the standard of creative excellence in the region, it also celebrates the uniqueness of local culture. It is a learning hub for those in the communication industry through showcasing of the region’s best creative work.","https://media.licdn.com/dms/image/C560BAQEYpZxhWCH_Ug/company-logo_400_400/0/1630609404042/adfest_official__logo?e=1712188800&v=beta&t=GHZnRHmuMXip7Hw8bn7vVsx-C4FBni5a90SMOeX3tVc"
"ajjames","1","2","2019",,,,"Judge","Science and Technology","Edison Awards and Edison Universe","https://www.linkedin.com/company/521313/","The Edison Awards honor excellence in new product and service development, marketing, human-centered design, and innovation.","https://media.licdn.com/dms/image/C560BAQGUs0S1Z4aYMQ/company-logo_400_400/0/1631236595202/edison_awards_logo?e=1712188800&v=beta&t=NiRJoCwQSnyAA3Lu-30ZXwN0gqh5rVlNYZx0UgDkHEY"
"ajjames","1","3","2019",,,,"Judge eCommerce Lotus and Media","Science and Technology","ADFEST (Official)","https://www.linkedin.com/company/13273926/","ADFEST is Asia’s most celebrated regional creative festival.

Founded in 1998, ADFEST is the ideal place for the creative industry to gather, network, exchange ideas, and meet new friends.

With less than 200 delegates its 1st year, ADFEST now welcomes over 1,200 delegates from all over the world each year.

ADFEST is included in the WARC Rankings, successor to The Gunn Report. The WARC Rankings combine the winners' lists from the world's most important awards to establish the annual worldwide league tables for the global advertising industry.

It is the annual creative festival not to be missed to stay at the forefront of the rapidly changing creative, marketing and production industries.

ADFEST not only raises the standard of creative excellence in the region, it also celebrates the uniqueness of local culture. It is a learning hub for those in the communication industry through showcasing of the region’s best creative work.","https://media.licdn.com/dms/image/C560BAQEYpZxhWCH_Ug/company-logo_400_400/0/1630609404042/adfest_official__logo?e=1712188800&v=beta&t=GHZnRHmuMXip7Hw8bn7vVsx-C4FBni5a90SMOeX3tVc"
"ajjames","1","2","2019",,,,"Judge","Science and Technology","Edison Awards and Edison Universe","https://www.linkedin.com/company/521313/","The Edison Awards honor excellence in new product and service development, marketing, human-centered design, and innovation.","https://media.licdn.com/dms/image/C560BAQGUs0S1Z4aYMQ/company-logo_400_400/0/1631236595202/edison_awards_logo?e=1712188800&v=beta&t=NiRJoCwQSnyAA3Lu-30ZXwN0gqh5rVlNYZx0UgDkHEY"
"akshatha-ganji",,,,,,,,,,,,
"akshatha-ganji",,,,,,,,,,,,
"alfredo-garrachon",,,,,,,,,,,,
"alfredo-garrachon",,,,,,,,,,,,
"andy-jassy-8b1615",,,,,,,,,,,,
"andy-jassy-8b1615",,,,,,,,,,,,
"angelwilson36",,,,,,,,,,,,
"angelwilson36",,,,,,,,,,,,
"aravind-ellandula-a23163206",,,,,,,,,,,,
"aravind-ellandula-a23163206",,,,,,,,,,,,
"arshamg",,,,,,,"Volunteer",,"The Royal International Air Tattoo","https://www.linkedin.com/company/2981871/",,"https://media.licdn.com/dms/image/D4E0BAQHa7w0-v47CrA/company-logo_400_400/0/1688479468024/the_royal_international_air_tattoo_logo?e=1717027200&v=beta&t=t11kdsrsLvcJExzygpaECilfAX1zWKVUU6agPbVOFmc"
"arshamg",,,,,,,"Volunteer",,"The Royal International Air Tattoo","https://www.linkedin.com/company/2981871/",,"https://media.licdn.com/dms/image/D4E0BAQHa7w0-v47CrA/company-logo_400_400/0/1688479468024/the_royal_international_air_tattoo_logo?e=1717027200&v=beta&t=t11kdsrsLvcJExzygpaECilfAX1zWKVUU6agPbVOFmc"
"avani-sathe-0026a5203",,,,,,,,,,,,
"avani-sathe-0026a5203",,,,,,,,,,,,
"ayutialgur",,,,,,,,,,,,
"ayutialgur",,,,,,,,,,,,
"barackobama",,,,,,,,,,,,
"barackobama",,,,,,,,,,,,
"berkgokova",,,,,,,,,,,,
"berkgokova",,,,,,,,,,,,
"berniefloresca","1","4","2020",,,,"Business Mentor","Education","Graduate To Hired","https://www.linkedin.com/company/72094914/","Send me a Connect request (vs. Follow) to practice initiating/nurturing #BusinessRelations 'cold.'","https://media.licdn.com/dms/image/C4D0BAQHeTHLHaCjfJA/company-logo_400_400/0/1636664611203/graduatetohired_logo?e=1717632000&v=beta&t=JCBV6lvI7QRdTR0l458ofmWKtMDz0QZVLrtYzckx-3g"
"berniefloresca","1","1","2008","31","12","2010","President","Education","Stouthearted Men Foundation [SMF]","https://www.linkedin.com/company/37024011/","Saint Louis University [SLU] Laboratory High School Alumni organization
Non-profit foundation to provide, promote, organize or conduct civic and charitable programs, promote educational, youth and sports development in Baguio City, Philippines.
","https://media.licdn.com/dms/image/C4D0BAQE65yaFQVo3_A/company-logo_400_400/0/1631271242151/stouthearted_men_foundation_smf_logo?e=1717632000&v=beta&t=OQkJwpMw0E_n0sAwQ4T6eY1vcxgNenjO-3sUx9V4_Ms"
"berniefloresca","1","4","2020",,,,"Business Mentor","Education","Graduate To Hired","https://www.linkedin.com/company/72094914/","Send me a Connect request (vs. Follow) to practice initiating/nurturing #BusinessRelations 'cold.'","https://media.licdn.com/dms/image/C4D0BAQHeTHLHaCjfJA/company-logo_400_400/0/1636664611203/graduatetohired_logo?e=1717632000&v=beta&t=JCBV6lvI7QRdTR0l458ofmWKtMDz0QZVLrtYzckx-3g"
"berniefloresca","1","1","2008","31","12","2010","President","Education","Stouthearted Men Foundation [SMF]","https://www.linkedin.com/company/37024011/","Saint Louis University [SLU] Laboratory High School Alumni organization
Non-profit foundation to provide, promote, organize or conduct civic and charitable programs, promote educational, youth and sports development in Baguio City, Philippines.
","https://media.licdn.com/dms/image/C4D0BAQE65yaFQVo3_A/company-logo_400_400/0/1631271242151/stouthearted_men_foundation_smf_logo?e=1717632000&v=beta&t=OQkJwpMw0E_n0sAwQ4T6eY1vcxgNenjO-3sUx9V4_Ms"
"brian-j-porter",,,,,,,"Chair of 2018 fundraising campaign",,"United Way Greater Toronto","https://www.linkedin.com/company/uwgreaterto/",,"https://media.licdn.com/dms/image/C560BAQGnLu1efjWmQA/company-logo_400_400/0/1630580090587/uwgreaterto_logo?e=1715817600&v=beta&t=WVJGIPAW81QSrv8ACPVKd5Z-1BdMh2PP7NALVpEFZ1o"
"brian-j-porter",,,,,,,"Chair Of The Board Of Trustees",,"University Health Network","https://www.linkedin.com/company/university-health-network/",,"https://media.licdn.com/dms/image/C560BAQGJlfcx4GQMMg/company-logo_400_400/0/1630620489090/university_health_network_logo?e=1715817600&v=beta&t=9n5ZoGPKXjZsmZ3vTQiM6qwAlKJYD2PiOHs_Q9BWoyI"
"brian-j-porter",,,,,,,"Chair of 2018 fundraising campaign",,"United Way Greater Toronto","https://www.linkedin.com/company/uwgreaterto/",,"https://media.licdn.com/dms/image/C560BAQGnLu1efjWmQA/company-logo_400_400/0/1630580090587/uwgreaterto_logo?e=1715817600&v=beta&t=WVJGIPAW81QSrv8ACPVKd5Z-1BdMh2PP7NALVpEFZ1o"
"brian-j-porter",,,,,,,"Chair Of The Board Of Trustees",,"University Health Network","https://www.linkedin.com/company/university-health-network/",,"https://media.licdn.com/dms/image/C560BAQGJlfcx4GQMMg/company-logo_400_400/0/1630620489090/university_health_network_logo?e=1715817600&v=beta&t=9n5ZoGPKXjZsmZ3vTQiM6qwAlKJYD2PiOHs_Q9BWoyI"
"calvinnobles",,,,,,,"President","Social_services","Navy Information Operations Command Georgia Officers' Association (2012-2013)",,,
"calvinnobles",,,,,,,"President","Social_services","Navy Information Operations Command Georgia Officers' Association (2012-2013)",,,
"ch-divyesh-b17a9a171",,,,,,,,,,,,
"ch-divyesh-b17a9a171",,,,,,,,,,,,
"chaitanya-bejjanki-55ba91171",,,,,,,,,,,,
"chaitanya-bejjanki-55ba91171",,,,,,,,,,,,
"chriskempczinski",,,,,,,,,,,,
"chriskempczinski",,,,,,,,,,,,
"cira-pozo-sanchez","1","1","2017","31","1","2022","Volunteer","Social Services","Fundación Banco de Alimentos de Madrid","https://www.linkedin.com/company/12672372/",,"https://media.licdn.com/dms/image/C4D0BAQGVEwYEqMNSkg/company-logo_400_400/0/1630474607861?e=1717632000&v=beta&t=_CjwDqX1SSIi48ly4htL4UdNhYYsLUO6VMCTH6XW_Hw"
"cira-pozo-sanchez","1","1","2017","31","1","2022","Volunteer","Social Services","Fundación Banco de Alimentos de Madrid","https://www.linkedin.com/company/12672372/",,"https://media.licdn.com/dms/image/C4D0BAQGVEwYEqMNSkg/company-logo_400_400/0/1630474607861?e=1717632000&v=beta&t=_CjwDqX1SSIi48ly4htL4UdNhYYsLUO6VMCTH6XW_Hw"
"deekshitha-gangam",,,,,,,,,,,,
"deekshitha-gangam",,,,,,,,,,,,
"diwakar-nayak-01355020a",,,,,,,,,,,,
"diwakar-nayak-01355020a",,,,,,,,,,,,
"entrust",,,,,,,,,,,,
"entrust",,,,,,,,,,,,
"fortnow",,,,,,,,,,,,
"fortnow",,,,,,,,,,,,
"gazcarater",,,,,,,,,,,,
"gazcarater",,,,,,,,,,,,
"gopal-raj-suresh-d","1","7","2020","30","6","2021","Academic Support Volunteer","Children","Make A Difference","https://www.linkedin.com/company/690247/","Physics tutor for class 9 students, where I designed and tailored effective lesson plans and helped them 
achieve good grades by conducting proper tests and giving constructive feedback.

Adaptably participated and hosted several events across the city through the organization, creating
awareness and making a significant impact on a large scale.","https://media.licdn.com/dms/image/C510BAQHSolnkv_Jrog/company-logo_400_400/0/1631417254927/make_a_difference_2_logo?e=1717632000&v=beta&t=xebTqwDjiKpnAwKzEiWY-aRSa3CmfXanSr0-Cnt8yXw"
"gopal-raj-suresh-d","1","7","2021","30","6","2022","Shelter Support Fellow","Children","Make A Difference","https://www.linkedin.com/company/690247/","In this fellowship role, I established proper connection between shelter homes and NGO, facilitating 
academic success for numerous children, enabling them to attain commendable grades in their examinations. 

Played an integral role in community projects, including fundraising initiatives and awareness campaigns, contributing to the holistic development of the children in shelter homes.

Sourcing, Recruiting, On-boarding, Volunteer Management and engagement and all city event mobilization. Collaborated closely with key stakeholders within the organization, demonstrating 
effective management skills.","https://media.licdn.com/dms/image/C510BAQHSolnkv_Jrog/company-logo_400_400/0/1631417254927/make_a_difference_2_logo?e=1717632000&v=beta&t=xebTqwDjiKpnAwKzEiWY-aRSa3CmfXanSr0-Cnt8yXw"
"gopal-raj-suresh-d","1","7","2020","30","6","2021","Academic Support Volunteer","Children","Make A Difference","https://www.linkedin.com/company/690247/","Physics tutor for class 9 students, where I designed and tailored effective lesson plans and helped them 
achieve good grades by conducting proper tests and giving constructive feedback.

Adaptably participated and hosted several events across the city through the organization, creating
awareness and making a significant impact on a large scale.","https://media.licdn.com/dms/image/C510BAQHSolnkv_Jrog/company-logo_400_400/0/1631417254927/make_a_difference_2_logo?e=1717632000&v=beta&t=xebTqwDjiKpnAwKzEiWY-aRSa3CmfXanSr0-Cnt8yXw"
"gopal-raj-suresh-d","1","7","2021","30","6","2022","Shelter Support Fellow","Children","Make A Difference","https://www.linkedin.com/company/690247/","In this fellowship role, I established proper connection between shelter homes and NGO, facilitating 
academic success for numerous children, enabling them to attain commendable grades in their examinations. 

Played an integral role in community projects, including fundraising initiatives and awareness campaigns, contributing to the holistic development of the children in shelter homes.

Sourcing, Recruiting, On-boarding, Volunteer Management and engagement and all city event mobilization. Collaborated closely with key stakeholders within the organization, demonstrating 
effective management skills.","https://media.licdn.com/dms/image/C510BAQHSolnkv_Jrog/company-logo_400_400/0/1631417254927/make_a_difference_2_logo?e=1717632000&v=beta&t=xebTqwDjiKpnAwKzEiWY-aRSa3CmfXanSr0-Cnt8yXw"
"harshal29","1","8","2016","31","5","2018","Member of sports committee",,"MIT WPU School of Polytechnic and skill development ","https://www.linkedin.com/company/73809696/",,"https://media.licdn.com/dms/image/C560BAQFLn6tWZZuWTQ/company-logo_400_400/0/1630671753276?e=1707955200&v=beta&t=Aw460oEROp3mQHkOCXQxhCF1CJ8703NN27Sd0qf-Fjo"
"harshal29",,,,,,,"Student Volunteer","Education","Bharatiya Chhatra Sansad","https://www.linkedin.com/company/4838206/",,"https://media.licdn.com/dms/image/C560BAQHrwYqaf2Hhfg/company-logo_400_400/0/1659150943593/bharatiya_chhatra_sansad_logo?e=1707955200&v=beta&t=m1VLKbP2Ic9GyE2jmeYlKZuX1JL--mLxdFWcFOMTzEk"
"harshal29","1","8","2016","31","5","2018","Member of sports committee",,"MIT WPU School of Polytechnic and skill development ","https://www.linkedin.com/company/73809696/",,"https://media.licdn.com/dms/image/C560BAQFLn6tWZZuWTQ/company-logo_400_400/0/1630671753276?e=1707955200&v=beta&t=Aw460oEROp3mQHkOCXQxhCF1CJ8703NN27Sd0qf-Fjo"
"harshal29",,,,,,,"Student Volunteer","Education","Bharatiya Chhatra Sansad","https://www.linkedin.com/company/4838206/",,"https://media.licdn.com/dms/image/C560BAQHrwYqaf2Hhfg/company-logo_400_400/0/1659150943593/bharatiya_chhatra_sansad_logo?e=1707955200&v=beta&t=m1VLKbP2Ic9GyE2jmeYlKZuX1JL--mLxdFWcFOMTzEk"
,,,,,,,,,,,,
,,,,,,,,,,,,
"interlee",,,,,,,,,,,,
"interlee",,,,,,,,,,,,
"ishanprabhune",,,,,,,"Supra",,"SAEINDIA","https://www.linkedin.com/company/saeindia/","Member of SAE Supra","https://media.licdn.com/dms/image/C560BAQFeCmTH0mQRAA/company-logo_400_400/0/1630636162036/saeindia_logo?e=1707955200&v=beta&t=0xXeXV44JM3Ygg3DwsBSeh5wlf1a6lk7P8PIfU9R72U"
"ishanprabhune","1","7","2015","30","6","2021","Member",,"Sinhgad Institutes","https://www.linkedin.com/company/sinhgad-institutes/","Mechanical Engineering Students Association (MESA)","https://media.licdn.com/dms/image/C510BAQGek_UPUd9pjg/company-logo_400_400/0/1631409575869/sinhgad_institutes_logo?e=1707955200&v=beta&t=C4UPCugm-5_c8ZbEthG9nBldV5Bl4KLC6q2HuW_GG-8"
"ishanprabhune",,,,,,,"Volunteer",,"Sinhgad College of Engineering","https://www.linkedin.com/school/sinhgad-college-of-engineering/","Sinhgad Karandak ","https://media.licdn.com/dms/image/C4E0BAQGvnYd1TSSKxA/company-logo_400_400/0/1630587015848/sinhgad_college_of_engineering_logo?e=1707955200&v=beta&t=DqE4J0AEf4XjHkBO3N4JyuGVU0To7Muj2w6Lx_YKcVY"
"ishanprabhune",,,,,,,"Supra",,"SAEINDIA","https://www.linkedin.com/company/saeindia/","Member of SAE Supra","https://media.licdn.com/dms/image/C560BAQFeCmTH0mQRAA/company-logo_400_400/0/1630636162036/saeindia_logo?e=1707955200&v=beta&t=0xXeXV44JM3Ygg3DwsBSeh5wlf1a6lk7P8PIfU9R72U"
"ishanprabhune","1","7","2015","30","6","2021","Member",,"Sinhgad Institutes","https://www.linkedin.com/company/sinhgad-institutes/","Mechanical Engineering Students Association (MESA)","https://media.licdn.com/dms/image/C510BAQGek_UPUd9pjg/company-logo_400_400/0/1631409575869/sinhgad_institutes_logo?e=1707955200&v=beta&t=C4UPCugm-5_c8ZbEthG9nBldV5Bl4KLC6q2HuW_GG-8"
"ishanprabhune",,,,,,,"Volunteer",,"Sinhgad College of Engineering","https://www.linkedin.com/school/sinhgad-college-of-engineering/","Sinhgad Karandak ","https://media.licdn.com/dms/image/C4E0BAQGvnYd1TSSKxA/company-logo_400_400/0/1630587015848/sinhgad_college_of_engineering_logo?e=1707955200&v=beta&t=DqE4J0AEf4XjHkBO3N4JyuGVU0To7Muj2w6Lx_YKcVY"
"jakka-gunith",,,,,,,,,,,,
"jakka-gunith",,,,,,,,,,,,
"jamiedimon",,,,,,,,,,,,
"jamiedimon",,,,,,,,,,,,
"javier-moreno-frutos",,,,,,,,,,,,
"javier-moreno-frutos",,,,,,,,,,,,
"joel-miranda-4159801a1",,,,,,,,,,,,
"joel-miranda-4159801a1",,,,,,,,,,,,
"mauricedawson","1","1","2022",,,,"Volunteer","SCIENCE_AND_TECHNOLOGY","Winrock International","https://www.linkedin.com/company/winrock-international/","Serving as a volunteer champion for the Farmer to Farmer (F2F) Diversity Initiative.","https://media.licdn.com/dms/image/C4D0BAQHtUWTgA-fiEw/company-logo_400_400/0/1637271670388?e=1692230400&v=beta&t=QRA1Fxh1iN_AojLh492jBDrzIx4RqZ6gFYCiJjg4nTg"
"mauricedawson","1","2","2021",,,,"Mentor","SCIENCE_AND_TECHNOLOGY","Women in Cybersecurity (WiCyS) at Illinois Tech","https://www.linkedin.com/company/wicys-illinoistech/",,"https://media.licdn.com/dms/image/C560BAQEaVQVVX6BJjA/company-logo_400_400/0/1598715412785?e=1692230400&v=beta&t=anRM5rZl1y0FEiG7ImFVe6loAN5SS3TWG7F9cx8A_N0"
"mauricedawson","1","1","2021",,,,"Member","SCIENCE_AND_TECHNOLOGY","Military Cyber Professionals Association","https://www.linkedin.com/company/milcyber/",,"https://media.licdn.com/dms/image/C4E0BAQGEFc-G9l63Rw/company-logo_400_400/0/1523045561633?e=1692230400&v=beta&t=0Vkr5WYssS9vxymWTtqRX9_Mif3YXmU8t34BhjrEFUk"
"mauricedawson","1","10","2021","1","10","2021","Guest Speaker","SCIENCE_AND_TECHNOLOGY","ITSMF - Information Technology Senior Management Forum","https://www.linkedin.com/company/itsmfleaders/","Spoke about the Internet of Things (IoT) and cybersecurity.","https://media.licdn.com/dms/image/C4D0BAQENWCnwjJEeXA/company-logo_400_400/0/1638326726406?e=1692230400&v=beta&t=SrguKF80SdEscigMvTduCF1pakeSCBsiY4RvBdmELAE"
"mauricedawson","1","12","2020",,,,"Professional Inductee","SCIENCE_AND_TECHNOLOGY","GAMMA NU ETA INC","https://www.linkedin.com/company/gamma-nu-eta-inc/",,
"mauricedawson","1","12","2017","1","1","2018","Volunteer","SCIENCE_AND_TECHNOLOGY","Catholic Relief Services","https://www.linkedin.com/company/catholic-relief-services/","December 2017 - January 2018. $5,000.00, Title: Mobile Banking System, Assignment Number: ET103, Location: Addis Ababa, Ethiopia: Volunteer Assignment with Catholic Relief Services/USAID","https://media.licdn.com/dms/image/C4E0BAQG-G51EGBFuxw/company-logo_400_400/0/1585659184392?e=1692230400&v=beta&t=1364yiBmQvB0jpQMyBHFASyuye-COIgGGBjqUOHKGrg"
"mauricedawson","1","1","2017",,,,"Volunteer","SCIENCE_AND_TECHNOLOGY","Winrock International","https://www.linkedin.com/company/winrock-international/","January 2017.   $5,000.00, Title: Training-of-Trainers in Management Accounting Tools for the Horticulture Initiation Center of Saint Louis (CIH SL), Assignment Number: SEN187, Location: Saint-Louis, Senegal: Volunteer Assignment with Winrock Int./USAID","https://media.licdn.com/dms/image/C4D0BAQHtUWTgA-fiEw/company-logo_400_400/0/1637271670388?e=1692230400&v=beta&t=QRA1Fxh1iN_AojLh492jBDrzIx4RqZ6gFYCiJjg4nTg"
"mauricedawson","1","7","2016",,,,"Volunteer","SCIENCE_AND_TECHNOLOGY","Winrock International","https://www.linkedin.com/company/winrock-international/","July 2016, $5,000.00, Title: Assistance to the Office of Vocational Agriculture Education for the Establishment of a Functional Website for the Ministre de l'Agriculture et de l'Equipement Rural, Assignment Number: SEN121, Location: Dakar, Senegal: Volunteer Assignment with Winrock Int./USAID","https://media.licdn.com/dms/image/C4D0BAQHtUWTgA-fiEw/company-logo_400_400/0/1637271670388?e=1692230400&v=beta&t=QRA1Fxh1iN_AojLh492jBDrzIx4RqZ6gFYCiJjg4nTg"
"mauricedawson","1","7","2010","1","7","2010","Mentee","EDUCATION","National Urban League",,"Participated in the 100@100 event which was to bring a 100 doctors to speak to 100 students.",
"mauricedawson","1","1","2012","1","1","2014","Chapter President","SCIENCE_AND_TECHNOLOGY","OWASP® Foundation","https://www.linkedin.com/company/owasp/","Chapter president for Huntsville, AL.","https://media.licdn.com/dms/image/C4D0BAQEdEi67-H41Rg/company-logo_400_400/0/1633702546565?e=1692230400&v=beta&t=n2J3O29lsR7qdOUVkTsa1eUP3OOI_zPzTfMkkFV-Y7U"
"mauricedawson","1","1","2022",,,,"Volunteer","SCIENCE_AND_TECHNOLOGY","Winrock International","https://www.linkedin.com/company/winrock-international/","Serving as a volunteer champion for the Farmer to Farmer (F2F) Diversity Initiative.","https://media.licdn.com/dms/image/C4D0BAQHtUWTgA-fiEw/company-logo_400_400/0/1637271670388?e=1692230400&v=beta&t=QRA1Fxh1iN_AojLh492jBDrzIx4RqZ6gFYCiJjg4nTg"
"mauricedawson","1","2","2021",,,,"Mentor","SCIENCE_AND_TECHNOLOGY","Women in Cybersecurity (WiCyS) at Illinois Tech","https://www.linkedin.com/company/wicys-illinoistech/",,"https://media.licdn.com/dms/image/C560BAQEaVQVVX6BJjA/company-logo_400_400/0/1598715412785?e=1692230400&v=beta&t=anRM5rZl1y0FEiG7ImFVe6loAN5SS3TWG7F9cx8A_N0"
"mauricedawson","1","1","2021",,,,"Member","SCIENCE_AND_TECHNOLOGY","Military Cyber Professionals Association","https://www.linkedin.com/company/milcyber/",,"https://media.licdn.com/dms/image/C4E0BAQGEFc-G9l63Rw/company-logo_400_400/0/1523045561633?e=1692230400&v=beta&t=0Vkr5WYssS9vxymWTtqRX9_Mif3YXmU8t34BhjrEFUk"
"mauricedawson","1","10","2021","1","10","2021","Guest Speaker","SCIENCE_AND_TECHNOLOGY","ITSMF - Information Technology Senior Management Forum","https://www.linkedin.com/company/itsmfleaders/","Spoke about the Internet of Things (IoT) and cybersecurity.","https://media.licdn.com/dms/image/C4D0BAQENWCnwjJEeXA/company-logo_400_400/0/1638326726406?e=1692230400&v=beta&t=SrguKF80SdEscigMvTduCF1pakeSCBsiY4RvBdmELAE"
"mauricedawson","1","12","2020",,,,"Professional Inductee","SCIENCE_AND_TECHNOLOGY","GAMMA NU ETA INC","https://www.linkedin.com/company/gamma-nu-eta-inc/",,
"mauricedawson","1","12","2017","1","1","2018","Volunteer","SCIENCE_AND_TECHNOLOGY","Catholic Relief Services","https://www.linkedin.com/company/catholic-relief-services/","December 2017 - January 2018. $5,000.00, Title: Mobile Banking System, Assignment Number: ET103, Location: Addis Ababa, Ethiopia: Volunteer Assignment with Catholic Relief Services/USAID","https://media.licdn.com/dms/image/C4E0BAQG-G51EGBFuxw/company-logo_400_400/0/1585659184392?e=1692230400&v=beta&t=1364yiBmQvB0jpQMyBHFASyuye-COIgGGBjqUOHKGrg"
"mauricedawson","1","1","2017",,,,"Volunteer","SCIENCE_AND_TECHNOLOGY","Winrock International","https://www.linkedin.com/company/winrock-international/","January 2017.   $5,000.00, Title: Training-of-Trainers in Management Accounting Tools for the Horticulture Initiation Center of Saint Louis (CIH SL), Assignment Number: SEN187, Location: Saint-Louis, Senegal: Volunteer Assignment with Winrock Int./USAID","https://media.licdn.com/dms/image/C4D0BAQHtUWTgA-fiEw/company-logo_400_400/0/1637271670388?e=1692230400&v=beta&t=QRA1Fxh1iN_AojLh492jBDrzIx4RqZ6gFYCiJjg4nTg"
"mauricedawson","1","7","2016",,,,"Volunteer","SCIENCE_AND_TECHNOLOGY","Winrock International","https://www.linkedin.com/company/winrock-international/","July 2016, $5,000.00, Title: Assistance to the Office of Vocational Agriculture Education for the Establishment of a Functional Website for the Ministre de l'Agriculture et de l'Equipement Rural, Assignment Number: SEN121, Location: Dakar, Senegal: Volunteer Assignment with Winrock Int./USAID","https://media.licdn.com/dms/image/C4D0BAQHtUWTgA-fiEw/company-logo_400_400/0/1637271670388?e=1692230400&v=beta&t=QRA1Fxh1iN_AojLh492jBDrzIx4RqZ6gFYCiJjg4nTg"
"mauricedawson","1","7","2010","1","7","2010","Mentee","EDUCATION","National Urban League",,"Participated in the 100@100 event which was to bring a 100 doctors to speak to 100 students.",
"mauricedawson","1","1","2012","1","1","2014","Chapter President","SCIENCE_AND_TECHNOLOGY","OWASP® Foundation","https://www.linkedin.com/company/owasp/","Chapter president for Huntsville, AL.","https://media.licdn.com/dms/image/C4D0BAQEdEi67-H41Rg/company-logo_400_400/0/1633702546565?e=1692230400&v=beta&t=n2J3O29lsR7qdOUVkTsa1eUP3OOI_zPzTfMkkFV-Y7U"
"morgan-richards-4a3353207",,,,,,,,,,,,
"morgan-richards-4a3353207",,,,,,,,,,,,
"narendramodi",,,,,,,,,,,,
"narendramodi",,,,,,,,,,,,
"nidhi-patni-jain",,,,,,,"Member","SCIENCE_AND_TECHNOLOGY","Illinois Institute of Technology","https://www.linkedin.com/school/illinois-tech/","I am an active member of Business Relations Strategist group at IIT where we work to establish partnerships and collaborations that benefit both the college and the external organization.","https://media.licdn.com/dms/image/C4D0BAQEd6wnmQCCIHw/company-logo_400_400/0/1630559679535/illinois_institute_of_technology_logo?e=1713398400&v=beta&t=LQzca7ZA1oLtUFZxYfPE0vraYJxuXZAF7JgFkG_c_h0"
"nidhi-patni-jain",,,,,,,"Member","SCIENCE_AND_TECHNOLOGY","Illinois Institute of Technology","https://www.linkedin.com/school/illinois-tech/","I am an active member of Business Relations Strategist group at IIT where we work to establish partnerships and collaborations that benefit both the college and the external organization.","https://media.licdn.com/dms/image/C4D0BAQEd6wnmQCCIHw/company-logo_400_400/0/1630559679535/illinois_institute_of_technology_logo?e=1713398400&v=beta&t=LQzca7ZA1oLtUFZxYfPE0vraYJxuXZAF7JgFkG_c_h0"
"p-s-r-c",,,,,,,,,,,,
"p-s-r-c",,,,,,,,,,,,
"phalgunkollepara","1","5","2021","31","7","2021","Associate",,"YuWaah (Generation Unlimited India)","https://www.linkedin.com/company/74005768/",,"https://media.licdn.com/dms/image/C560BAQExWNvi-KT26w/company-logo_400_400/0/1650285561310?e=1717632000&v=beta&t=ldnaOfe5bBoUoWzFhNuBWOQU0xvEB5pLMJPq6QSm70Y"
"phalgunkollepara","1","5","2021","31","7","2021","Associate",,"YuWaah (Generation Unlimited India)","https://www.linkedin.com/company/74005768/",,"https://media.licdn.com/dms/image/C560BAQExWNvi-KT26w/company-logo_400_400/0/1650285561310?e=1717632000&v=beta&t=ldnaOfe5bBoUoWzFhNuBWOQU0xvEB5pLMJPq6QSm70Y"
"preetham-voleti-45836619b",,,,,,,,,,,,
"preetham-voleti-45836619b",,,,,,,,,,,,
"rajcharan-haridasu-3993a2216",,,,,,,,,,,,
"rajcharan-haridasu-3993a2216",,,,,,,,,,,,
"rajeshgopinathan",,,,,,,,,,,,
"rajeshgopinathan",,,,,,,,,,,,
"rdedhia1",,,,,,,,,,,,
"rdedhia1",,,,,,,,,,,,
"reidhoffman","1","6","2016",,,,"Chair, Board of Directors","ECONOMIC_EMPOWERMENT","Opportunity@Work","https://www.linkedin.com/company/opportunity-work/","Opportunity@Work is a nonprofit social enterprise dedicated to re-wiring the U.S. labor market through innovative technology and education financing. Opportunity@Work has launched TechHire.Careers, a new kind of recruiting platform built to help employers fill entry-level tech positions with talented individuals from diverse backgrounds. 

By breaking down systemic barriers facing job seekers who come from nontraditional backgrounds, Opportunity@Work will enable millions of Americans to find good jobs and generate more than $20 billion in additional annual earnings for the U.S. labor market.","https://media.licdn.com/dms/image/C4D0BAQF-JsPXvUPkhQ/company-logo_400_400/0/1630469218204/opportunity_work_logo?e=1717027200&v=beta&t=EhYCXITmnimrNKk20k7Cvy1L1GX-7E5MHykg78aEa1g"
"reidhoffman","1","3","2017","31","12","2023","Chair, Board of Directors",,"Research Bridge Partners","https://www.linkedin.com/company/research-bridge-partners/","The Research Bridge Partnership (RBP) is a nonprofit that seeks to address geographically unequal translational research opportunities on American university campuses. RBP uses proprietary data analysis tools to identify promising innovators at heartland universities, and supports the translation of their work into the real economy through partnerships with startups, corporations, investors, and philanthropy. ","https://media.licdn.com/dms/image/C4E0BAQHbQfuv3GNcmw/company-logo_400_400/0/1630591137313/translationalresearch_institute_logo?e=1717027200&v=beta&t=agxtc9XcwRyaw7fTB82b0TDGGbB1nnepzm84aUfsugs"
"reidhoffman","1","1","2010",,,,"Board of Directors","ECONOMIC_EMPOWERMENT","Endeavor","https://www.linkedin.com/company/endeavorglobal/","Endeavor supports high impact entrepreneurs around the world.","https://media.licdn.com/dms/image/D4E0BAQG9Nglb0ZU1kQ/company-logo_400_400/0/1681235668619/endeavorglobal_logo?e=1717027200&v=beta&t=71SkrnBxXW3R5T50lE-JfP2a0E4atzKa-y6632RGllo"
"reidhoffman","1","11","2019",,,,"Board of Directors",,"New America","https://www.linkedin.com/company/new-america-foundation/","New America is a public policy think tank dedicated to renewing America by continuing the quest to realize our nation's highest ideals, honestly confronting the challenges caused by rapid technological and social change, and seizing the opportunities those changes create.","https://media.licdn.com/dms/image/C4E0BAQGrZqqrQKOXnA/company-logo_400_400/0/1631306727807?e=1717027200&v=beta&t=9XBZU7FmOLac6p693PeE0lhtS6S8WNJAXMPbYffGIPQ"
"reidhoffman","1","11","2016",,,,"Member, Board of Directors","HEALTH","Chan Zuckerberg Biohub Network","https://www.linkedin.com/company/cz-biohub/","The Chan Zuckerberg Biohub is an independent, non-profit medical research organization. Its vision is to develop and apply technologies that will enable doctors to cure, prevent or manage all diseases during our children’s lifetime.","https://media.licdn.com/dms/image/D4E0BAQHNgnyntBC00g/company-logo_400_400/0/1688563687859/cz_biohub_logo?e=1717027200&v=beta&t=AhWpPnNg6SxDu1lVR3KuUiVrrQFHMzjLHSHAibDINQg"
"reidhoffman","1","6","2006",,,,"Board of Directors","ECONOMIC_EMPOWERMENT","Kiva","https://www.linkedin.com/company/kiva-org/","Kiva provides an entrepreneur's marketplace for social micro-lending. The entrepreneurs are pre-vetted by micro-finance organizations. They are then listed on Kiva's web marketplace, and interested and motivated lenders can lend money for the creation of businesses. It is a paradigm case of teaching to fish rather than giving fish.","https://media.licdn.com/dms/image/C4D0BAQGBx_hbdh64uw/company-logo_400_400/0/1630541370889/kiva_org_logo?e=1717027200&v=beta&t=1ldy5_i139Zw-XjZNS4Fs9soj0Hm8MKeQL9OulaAwO0"
"reidhoffman","1","1","2019",,,,"Member Board Of Directors",,"Lever for Change","https://www.linkedin.com/company/leverforchange/","Building off the success of 100&Change, MacArthur’s breakthrough $100 million competition, Lever for Change helps philanthropists source vetted, high-impact philanthropic opportunities and connects those opportunities to significant amounts of philanthropic capital. Lever for Change does this through either managing customized competitions or by matching philanthropists with the top vetted proposals from such competitions in a searchable online database of solutions. Through a rigorous, open, and transparent approach, Lever for Change aims to inspire philanthropists to dramatically increase their giving by helping them source and identify the most promising ideas that will significantly impact the issues they care about most.","https://media.licdn.com/dms/image/C4D0BAQEWPV7huO1qGA/company-logo_400_400/0/1643047651617/leverforchange_logo?e=1717027200&v=beta&t=XH8iP5d5edSWCO4ryGHNMaAEAsHRHXCEmz7KP-cc_sA"
"reidhoffman","1","4","2017",,,,"Member of the Board","SCIENCE_AND_TECHNOLOGY","Berggruen Institute","https://www.linkedin.com/company/berggrueninst/","The Berggruen Institute’s mission is to develop foundational ideas and, through them, shape political, economic and social institutions for the 21st century.","https://media.licdn.com/dms/image/D560BAQG9Uj4ehpYvjA/company-logo_400_400/0/1692315068677/berggrueninst_logo?e=1717027200&v=beta&t=qplVukPQwZvTROXNVZycffdlosa6LFZDRfNN7ehjMeo"
"reidhoffman","1","9","2008",,,,"Chair, West Coast Advisory Board","EDUCATION","QuestBridge","https://www.linkedin.com/company/questbridge/","QuestBridge is a revenue-generating non-profit which now places more talented low-income youth into 28 top colleges including Stanford, Princeton, Columbia, Amherst, MIT, Williams, and Yale. Approximately 1500 Quest students were accepted to our partner colleges in 2008 alone (146 at Stanford, for instance, and 11% of the entering class of Amherst).

QuestBridge envisions a world where America's leadership encompasses thoughtful and broad-minded decision makers drawn from every economic segment of society. QuestBridge revolutionizes the way leading colleges and universities recruit talented low-income students, and the way these students approach their once-in-a-lifetime educations and futures.

QuestBridge aims to create a singular place where exceptionally talented low-income students can navigate educational and life opportunities. QuestBridge recruits, develops, and supports motivated low-income students — beginning in high school through college to their first job — to be successful at America’s best colleges, graduate schools, and companies.","https://media.licdn.com/dms/image/C4D0BAQGOrQ1RJZHDcA/company-logo_400_400/0/1631337701279?e=1717027200&v=beta&t=Sp-cKTR1u9ZzIdYp_r5e403NznSNWVy75f8xNfB3xUI"
"reidhoffman","1","7","2014","31","12","2021","Visting Committee and Advisory Board","SCIENCE_AND_TECHNOLOGY","MIT Media Lab","https://www.linkedin.com/company/mit-media-lab/","The MIT Media Lab is an interdisciplinary research lab that encourages the unconventional mixing and matching of seemingly disparate research areas.","https://media.licdn.com/dms/image/C560BAQEEH3CNoBAf9g/company-logo_400_400/0/1675453512122/mit_media_lab_logo?e=1717027200&v=beta&t=V5gXDO5TTS4DLUm6sv4SvQr7cLKlPYyWRUPUNEyNV8c"
"reidhoffman","1","8","2005","31","12","2016","Member, Board of Directors","SCIENCE_AND_TECHNOLOGY","Mozilla","https://www.linkedin.com/company/mozilla-corporation/","Evangelists and champions of the free and open web-platform, Firefox. Firefox allows consumers the experience they want, all software and internet companies to build extensions, and open-source developers to contribute freely and democratically. Firefox works to keep a free, open web — both through its own platform and by inspiring other browsers to create open apis and platforms with great consumer experiences.","https://media.licdn.com/dms/image/C4E0BAQGHz8JwrMTQ0A/company-logo_400_400/0/1631301149956?e=1717027200&v=beta&t=lt9WcSbccFd1L1YMeKyTLQdyUe0XktzuPBxTA_XnOFw"
"reidhoffman","1","1","2006","30","11","2007","Member, Board of Advisors",,"Center for Citizen Media",,"The Center for Citizen Media is a new initiative aimed at helping to enable and encourage grassroots media, especially citizen journalism, at every level. The nonprofit Center is jointly affiliated with the University of California, Berkeley’s Graduate School of Journalism and the Berkman Center for Internet & Society at Harvard University Law School. In the new information age of the internet, media becomes much stronger through massive grassroots participation in discovery and reporting.",
"reidhoffman","1","6","2016",,,,"Chair, Board of Directors","ECONOMIC_EMPOWERMENT","Opportunity@Work","https://www.linkedin.com/company/opportunity-work/","Opportunity@Work is a nonprofit social enterprise dedicated to re-wiring the U.S. labor market through innovative technology and education financing. Opportunity@Work has launched TechHire.Careers, a new kind of recruiting platform built to help employers fill entry-level tech positions with talented individuals from diverse backgrounds. 

By breaking down systemic barriers facing job seekers who come from nontraditional backgrounds, Opportunity@Work will enable millions of Americans to find good jobs and generate more than $20 billion in additional annual earnings for the U.S. labor market.","https://media.licdn.com/dms/image/C4D0BAQF-JsPXvUPkhQ/company-logo_400_400/0/1630469218204/opportunity_work_logo?e=1717027200&v=beta&t=EhYCXITmnimrNKk20k7Cvy1L1GX-7E5MHykg78aEa1g"
"reidhoffman","1","3","2017","31","12","2023","Chair, Board of Directors",,"Research Bridge Partners","https://www.linkedin.com/company/research-bridge-partners/","The Research Bridge Partnership (RBP) is a nonprofit that seeks to address geographically unequal translational research opportunities on American university campuses. RBP uses proprietary data analysis tools to identify promising innovators at heartland universities, and supports the translation of their work into the real economy through partnerships with startups, corporations, investors, and philanthropy. ","https://media.licdn.com/dms/image/C4E0BAQHbQfuv3GNcmw/company-logo_400_400/0/1630591137313/translationalresearch_institute_logo?e=1717027200&v=beta&t=agxtc9XcwRyaw7fTB82b0TDGGbB1nnepzm84aUfsugs"
"reidhoffman","1","1","2010",,,,"Board of Directors","ECONOMIC_EMPOWERMENT","Endeavor","https://www.linkedin.com/company/endeavorglobal/","Endeavor supports high impact entrepreneurs around the world.","https://media.licdn.com/dms/image/D4E0BAQG9Nglb0ZU1kQ/company-logo_400_400/0/1681235668619/endeavorglobal_logo?e=1717027200&v=beta&t=71SkrnBxXW3R5T50lE-JfP2a0E4atzKa-y6632RGllo"
"reidhoffman","1","11","2019",,,,"Board of Directors",,"New America","https://www.linkedin.com/company/new-america-foundation/","New America is a public policy think tank dedicated to renewing America by continuing the quest to realize our nation's highest ideals, honestly confronting the challenges caused by rapid technological and social change, and seizing the opportunities those changes create.","https://media.licdn.com/dms/image/C4E0BAQGrZqqrQKOXnA/company-logo_400_400/0/1631306727807?e=1717027200&v=beta&t=9XBZU7FmOLac6p693PeE0lhtS6S8WNJAXMPbYffGIPQ"
"reidhoffman","1","11","2016",,,,"Member, Board of Directors","HEALTH","Chan Zuckerberg Biohub Network","https://www.linkedin.com/company/cz-biohub/","The Chan Zuckerberg Biohub is an independent, non-profit medical research organization. Its vision is to develop and apply technologies that will enable doctors to cure, prevent or manage all diseases during our children’s lifetime.","https://media.licdn.com/dms/image/D4E0BAQHNgnyntBC00g/company-logo_400_400/0/1688563687859/cz_biohub_logo?e=1717027200&v=beta&t=AhWpPnNg6SxDu1lVR3KuUiVrrQFHMzjLHSHAibDINQg"
"reidhoffman","1","6","2006",,,,"Board of Directors","ECONOMIC_EMPOWERMENT","Kiva","https://www.linkedin.com/company/kiva-org/","Kiva provides an entrepreneur's marketplace for social micro-lending. The entrepreneurs are pre-vetted by micro-finance organizations. They are then listed on Kiva's web marketplace, and interested and motivated lenders can lend money for the creation of businesses. It is a paradigm case of teaching to fish rather than giving fish.","https://media.licdn.com/dms/image/C4D0BAQGBx_hbdh64uw/company-logo_400_400/0/1630541370889/kiva_org_logo?e=1717027200&v=beta&t=1ldy5_i139Zw-XjZNS4Fs9soj0Hm8MKeQL9OulaAwO0"
"reidhoffman","1","1","2019",,,,"Member Board Of Directors",,"Lever for Change","https://www.linkedin.com/company/leverforchange/","Building off the success of 100&Change, MacArthur’s breakthrough $100 million competition, Lever for Change helps philanthropists source vetted, high-impact philanthropic opportunities and connects those opportunities to significant amounts of philanthropic capital. Lever for Change does this through either managing customized competitions or by matching philanthropists with the top vetted proposals from such competitions in a searchable online database of solutions. Through a rigorous, open, and transparent approach, Lever for Change aims to inspire philanthropists to dramatically increase their giving by helping them source and identify the most promising ideas that will significantly impact the issues they care about most.","https://media.licdn.com/dms/image/C4D0BAQEWPV7huO1qGA/company-logo_400_400/0/1643047651617/leverforchange_logo?e=1717027200&v=beta&t=XH8iP5d5edSWCO4ryGHNMaAEAsHRHXCEmz7KP-cc_sA"
"reidhoffman","1","4","2017",,,,"Member of the Board","SCIENCE_AND_TECHNOLOGY","Berggruen Institute","https://www.linkedin.com/company/berggrueninst/","The Berggruen Institute’s mission is to develop foundational ideas and, through them, shape political, economic and social institutions for the 21st century.","https://media.licdn.com/dms/image/D560BAQG9Uj4ehpYvjA/company-logo_400_400/0/1692315068677/berggrueninst_logo?e=1717027200&v=beta&t=qplVukPQwZvTROXNVZycffdlosa6LFZDRfNN7ehjMeo"
"reidhoffman","1","9","2008",,,,"Chair, West Coast Advisory Board","EDUCATION","QuestBridge","https://www.linkedin.com/company/questbridge/","QuestBridge is a revenue-generating non-profit which now places more talented low-income youth into 28 top colleges including Stanford, Princeton, Columbia, Amherst, MIT, Williams, and Yale. Approximately 1500 Quest students were accepted to our partner colleges in 2008 alone (146 at Stanford, for instance, and 11% of the entering class of Amherst).

QuestBridge envisions a world where America's leadership encompasses thoughtful and broad-minded decision makers drawn from every economic segment of society. QuestBridge revolutionizes the way leading colleges and universities recruit talented low-income students, and the way these students approach their once-in-a-lifetime educations and futures.

QuestBridge aims to create a singular place where exceptionally talented low-income students can navigate educational and life opportunities. QuestBridge recruits, develops, and supports motivated low-income students — beginning in high school through college to their first job — to be successful at America’s best colleges, graduate schools, and companies.","https://media.licdn.com/dms/image/C4D0BAQGOrQ1RJZHDcA/company-logo_400_400/0/1631337701279?e=1717027200&v=beta&t=Sp-cKTR1u9ZzIdYp_r5e403NznSNWVy75f8xNfB3xUI"
"reidhoffman","1","7","2014","31","12","2021","Visting Committee and Advisory Board","SCIENCE_AND_TECHNOLOGY","MIT Media Lab","https://www.linkedin.com/company/mit-media-lab/","The MIT Media Lab is an interdisciplinary research lab that encourages the unconventional mixing and matching of seemingly disparate research areas.","https://media.licdn.com/dms/image/C560BAQEEH3CNoBAf9g/company-logo_400_400/0/1675453512122/mit_media_lab_logo?e=1717027200&v=beta&t=V5gXDO5TTS4DLUm6sv4SvQr7cLKlPYyWRUPUNEyNV8c"
"reidhoffman","1","8","2005","31","12","2016","Member, Board of Directors","SCIENCE_AND_TECHNOLOGY","Mozilla","https://www.linkedin.com/company/mozilla-corporation/","Evangelists and champions of the free and open web-platform, Firefox. Firefox allows consumers the experience they want, all software and internet companies to build extensions, and open-source developers to contribute freely and democratically. Firefox works to keep a free, open web — both through its own platform and by inspiring other browsers to create open apis and platforms with great consumer experiences.","https://media.licdn.com/dms/image/C4E0BAQGHz8JwrMTQ0A/company-logo_400_400/0/1631301149956?e=1717027200&v=beta&t=lt9WcSbccFd1L1YMeKyTLQdyUe0XktzuPBxTA_XnOFw"
"reidhoffman","1","1","2006","30","11","2007","Member, Board of Advisors",,"Center for Citizen Media",,"The Center for Citizen Media is a new initiative aimed at helping to enable and encourage grassroots media, especially citizen journalism, at every level. The nonprofit Center is jointly affiliated with the University of California, Berkeley’s Graduate School of Journalism and the Berkman Center for Internet & Society at Harvard University Law School. In the new information age of the internet, media becomes much stronger through massive grassroots participation in discovery and reporting.",
"renuka-suresh-adigesula",,,,,,,,,,,,
"renuka-suresh-adigesula",,,,,,,,,,,,
"roygori",,,,,,,,,,,,
"roygori",,,,,,,,,,,,
"satyanadella",,,,,,,,,,,,
"satyanadella",,,,,,,,,,,,
"shwetha-muralitharan",,,,,,,,,,,,
"shwetha-muralitharan",,,,,,,,,,,,
"sowjanya-msl-593000179",,,,,,,,,,,,
"sowjanya-msl-593000179",,,,,,,,,,,,
"sukanya-marati",,,,,,,,,,,,
"sukanya-marati",,,,,,,,,,,,
"surya-merala",,,,,,,,,,,,
"surya-merala",,,,,,,,,,,,
"varshcs",,,,,,,,,,,,
"varshcs",,,,,,,,,,,,
"vempati-hemapavani",,,,,,,"Member and Volunteer","SOCIAL_SERVICES","Vivaan, opgegaan in ONS Welzijn","https://www.linkedin.com/company/vivaan/",,"https://media.licdn.com/dms/image/C4E0BAQFNW5qBjeKdVg/company-logo_400_400/0/1631328338913?e=1717027200&v=beta&t=06SK5qF2iIWtbfJHXD6i0ltZbCO41C7MhY3uCA2A5wE"
"vempati-hemapavani",,,,,,,"Member and Volunteer","SOCIAL_SERVICES","Vivaan, opgegaan in ONS Welzijn","https://www.linkedin.com/company/vivaan/",,"https://media.licdn.com/dms/image/C4E0BAQFNW5qBjeKdVg/company-logo_400_400/0/1631328338913?e=1717027200&v=beta&t=06SK5qF2iIWtbfJHXD6i0ltZbCO41C7MhY3uCA2A5wE"
"venkata-sai-deep-gaddipati-654826249",,,,,,,,,,,,
"venkata-sai-deep-gaddipati-654826249",,,,,,,,,,,,
"vinay-kasa-254452148",,,,,,,,,,,,
"vinay-kasa-254452148",,,,,,,,,,,,
"vinutha-b-191b03210","1","8","2017","31","1","2018","Volunteer","Environment","Rotaract Club of PES University","https://www.linkedin.com/company/68273625/","We planted plants in government schools and staged an environmental awareness show. I also competed in theme-based dance competitions spreading awareness about environment.","https://media.licdn.com/dms/image/C4E0BAQH7zblb8ZxVfA/company-logo_400_400/0/1630615488734?e=1717632000&v=beta&t=mA6zoOA0U_aprLKuq0s79JZfL2kII5-mnLST3NY-pWY"
"vinutha-b-191b03210","1","6","2014","30","6","2017","Student","Education","PreranaNGO","https://www.linkedin.com/company/68016413/","Volunteered and participated in numerous NGO-organized activities for students. Received scholarships and knowledge about career and educational opportunities through their interactive programs.","https://media.licdn.com/dms/image/C560BAQGZ4eYpXVLulA/company-logo_400_400/0/1630659527575?e=1717632000&v=beta&t=9mopfDjoeY8Gm2PO8-jaflXKbrwKxrefXQ_qppZ_eiU"
"vinutha-b-191b03210","1","8","2017","31","1","2018","Volunteer","Environment","Rotaract Club of PES University","https://www.linkedin.com/company/68273625/","We planted plants in government schools and staged an environmental awareness show. I also competed in theme-based dance competitions spreading awareness about environment.","https://media.licdn.com/dms/image/C4E0BAQH7zblb8ZxVfA/company-logo_400_400/0/1630615488734?e=1717632000&v=beta&t=mA6zoOA0U_aprLKuq0s79JZfL2kII5-mnLST3NY-pWY"
"vinutha-b-191b03210","1","6","2014","30","6","2017","Student","Education","PreranaNGO","https://www.linkedin.com/company/68016413/","Volunteered and participated in numerous NGO-organized activities for students. Received scholarships and knowledge about career and educational opportunities through their interactive programs.","https://media.licdn.com/dms/image/C560BAQGZ4eYpXVLulA/company-logo_400_400/0/1630659527575?e=1717632000&v=beta&t=9mopfDjoeY8Gm2PO8-jaflXKbrwKxrefXQ_qppZ_eiU"
"williamhgates",,,,,,,,,,,,
"williamhgates",,,,,,,,,,,,
"yashraj-diwate",,,,,,,,,,,,
"yashraj-diwate",,,,,,,,,,,,
"yuhan-ding-2122b588",,,,,,,,,,,,
"yuhan-ding-2122b588",,,,,,,,,,,,
